Workbook

Sheet Visão
A3: Soma de M2 Vendido | B3: Rótulos de Coluna
A4: Rótulos de Linha | B4: 46142 | C4: 46153 | D4: 46154 | E4: 46155 | F4: 46157 | G4: 46161 | H4: 46162 | I4: 46163 | J4: 46164 | K4: 46151 | L4: 46156 | M4: 46160 | N4: 46168 | O4: 46158 | P4: 46159 | Q4: 46167 | R4: 46166 | S4: 46170 | T4: 46171 | U4: 46172 | V4: Total Geral
C5: 2.9664 | D5: 8.3069 | E5: 12.3931 | F5: 57.2193 | G5: 28.3774 | H5: 0.5 | I5: 2.583 | J5: 0.5396 | L5: 6.6597 | M5: 2.6391 | N5: 1.45 | O5: 4.9695 | P5: 9.544 | Q5: 0.2513 | U5: 0.64 | V5: 139.0393
A6: ESI04 | C6: 2.6565 | D6: 7.2489 | E6: 4.5387 | H6: 0.5 | I6: 1.92 | N6: 1.45 | O6: 4.9695 | P6: 9.544 | U6: 0.64 | V6: 33.4676
A7: FUM06 | F7: 13.342 | V7: 13.342
A8: FUM08 | D8: 1.058 | E8: 6.1838 | F8: 21.5456 | G8: 26.3142 | M8: 2.6391 | V8: 57.7407
A9: INC03 | F9: 0.3515 | V9: 0.3515
A10: INC08 | E10: 1.3612 | F10: 21.9802 | I10: 0.663 | L10: 6.3955 | Q10: 0.2513 | V10: 30.6512
A11: MBI03 | C11: 0.3099 | E11: 0.3094 | J11: 0.25 | L11: 0.2642 | V11: 1.1335
A12: VRD08 | G12: 2.0632 | V12: 2.0632
A13: FUM04 | J13: 0.2896 | V13: 0.2896
A14: 1P | G14: 39.6398 | N14: 169.6926 | T14: 18.0734 | V14: 227.4058
A15: INC06 | G15: 18.0257 | N15: 132.0984 | T15: 18.0734 | V15: 168.1975
A16: INC08 | G16: 15.5833 | V16: 15.5833
A17: INC10 | G17: 3.159 | V17: 3.159
A18: LMINC08 | N18: 16.6759 | V18: 16.6759
A19: LMLT06 | N19: 6.8332 | V19: 6.8332
A20: MBI03 | G20: 2.8718 | N20: 3.2608 | V20: 6.1326
A21: ESIA06 | N21: 10.8243 | V21: 10.8243
A22: 3B | C22: 3.0697 | H22: 36.6996 | M22: 56.1228 | Q22: 60.3326 | S22: 9.438 | V22: 165.6627
A23: ESI04 | H23: 3.3926 | V23: 3.3926
A24: INC06 | H24: 25.5776 | M24: 29.0327 | Q24: 60.3326 | V24: 114.9429
A25: INC08 | H25: 6.887 | M25: 25.192 | V25: 32.079
A26: INC10 | M26: 0.2729 | S26: 9.438 | V26: 9.7109
A27: LMINC08 | C27: 3.0697 | V27: 3.0697
A28: MBI03 | H28: 0.8424 | M28: 1.6252 | V28: 2.4676
A29: 4A | B29: 18 | D29: 2.2465 | F29: 133.1583 | G29: 112.7991 | H29: 1.69 | J29: 1.0581 | N29: 0.2401 | P29: 4.4192 | R29: 4.6177 | V29: 278.229
A30: ESI04 | D30: 1.675 | G30: 8.9754 | P30: 4.4192 | R30: 4.6177 | V30: 19.6873
A31: FUM08 | F31: 6.7299 | G31: 13.8709 | V31: 20.6008
A32: INC03 | B32: 18 | V32: 18
A33: INC06 | D33: 0.5715 | F33: 57.8983 | G33: 19.4194 | J33: 0.64 | V33: 78.5292
A34: INC08 | F34: 68.5301 | G34: 68.8008 | N34: 0.2401 | V34: 137.571
A35: INC10 | G35: 1.7326 | H35: 1.69 | V35: 3.4226
A36: VRD08 | J36: 0.4181 | V36: 0.4181
A37: 4C | D37: 3.2063 | G37: 26.6024 | I37: 7.0191 | K37: 1.377 | L37: 3.8172 | O37: 0.96 | V37: 42.982
A38: ESI04 | K38: 1.377 | O38: 0.96 | V38: 2.337
A39: FUM08 | G39: 3.3124 | L39: 3.8172 | V39: 7.1296
A40: INC08 | D40: 3.2063 | G40: 23.29 | I40: 7.0191 | V40: 33.5154
A41: 4H | C41: 19.9732 | E41: 3.1965 | H41: 6.744 | I41: 7.4944 | M41: 83.0007 | V41: 120.4088
A42: ESI04 | C42: 19.9732 | I42: 2.47 | M42: 2.64 | V42: 25.0832
A43: FUM08 | E43: 3.1965 | M43: 1.307 | V43: 4.5035
A44: INC06 | M44: 1.3779 | V44: 1.3779
A45: INC08 | H45: 6.744 | M45: 72.0332 | V45: 78.7772
A46: INC10 | M46: 5.6426 | V46: 5.6426
A47: ULT08 | I47: 5.0244 | V47: 5.0244
A48: 4L | F48: 41.5357 | G48: 5.9776 | H48: 10.1129 | L48: 0.7927 | V48: 58.4189
A49: FUM08 | F49: 22.2168 | G49: 5.9776 | H49: 10.1129 | V49: 38.3073
A50: INC06 | L50: 0.7927 | V50: 0.7927
A51: INC08 | F51: 19.3189 | V51: 19.3189
A52: 9J | E52: 9.1049 | H52: 34.6986 | M52: 128.7219 | Q52: 6.9666 | V52: 179.492
A53: INC06 | H53: 13.4039 | M53: 0.6556 | V53: 14.0595
A54: INC08 | E54: 0.444 | H54: 16.4621 | M54: 121.5061 | Q54: 6.9666 | V54: 145.3788
A55: INC10 | M55: 4.352 | V55: 4.352
A56: LMINC08 | H56: 4.8326 | V56: 4.8326
A57: LMLT06 | E57: 8.6609 | V57: 8.6609
A58: LMLT08 | M58: 2.2082 | V58: 2.2082
A59: 9K | C59: 4.0542 | E59: 3.2331 | H59: 22.2336 | M59: 62.0614 | Q59: 33.2454 | V59: 124.8277
A60: ESI04 | H60: 3.4203 | V60: 3.4203
A61: INC06 | M61: 47.3804 | Q61: 31.9018 | V61: 79.2822
A62: INC08 | H62: 1.9933 | M62: 9.733 | V62: 11.7263
A63: INC10 | E63: 1.6805 | H63: 16.82 | V63: 18.5005
A64: LMINC08 | C64: 4.0542 | E64: 1.5526 | V64: 5.6068
A65: LMLT06 | M65: 4.948 | V65: 4.948
A66: ACD06 | Q66: 1.3436 | V66: 1.3436
A67: Total Geral | B67: 18 | C67: 30.0635 | D67: 13.7597 | E67: 27.9276 | F67: 231.9133 | G67: 213.3963 | H67: 112.6787 | I67: 17.0965 | J67: 1.5977 | K67: 1.377 | L67: 11.2696 | M67: 332.5459 | N67: 171.3827 | O67: 5.9295 | P67: 13.9632 | Q67: 100.7959 | R67: 4.6177 | S67: 9.438 | T67: 18.0734 | U67: 0.64 | V67: 1336.4662

Sheet INC 06
B1: Produto | C1: INC06
B3: M2 | C3: Limite de Produção
C4: 13/mai | D4: 14/mai | E4: Total Geral
B5: Rotas
B6: D | D6: 7.0769 | E6: 7.0769
B7: G | C7: 1.716 | E7: 1.716
B8: Total Geral | C8: 1.716 | D8: 7.0769 | E8: 8.7929

Sheet INC 08
B2: Produto | C2: INC08
B4: M2 | C4: Limite de produção
C5: 12/mai | D5: 13/mai | E5: 14/mai | F5: 15/mai | G5: Total Geral
B6: Rotas
B7: D | E7: 230.541 | G7: 230.541
B8: J | D8: 0.444 | G8: 0.444 | S8: 246
B9: NC | C9: 3.2063 | G9: 3.2063
B10: Retira | D10: 1.3612 | E10: 6.3955 | F10: 21.9802 | G10: 29.7369
B11: Total Geral | C11: 3.2063 | D11: 1.8052 | E11: 236.9365 | F11: 21.9802 | G11: 263.9282

Sheet INC 10
B2: Produto | C2: INC10
B4: M2 | C4: Limite de Produção
C5: 13/mai | D5: Total Geral
B6: Rotas
B7: K | C7: 1.6805 | D7: 1.6805
B8: Total Geral | C8: 1.6805 | D8: 1.6805

Sheet PRIORIDA DO DIA
B1: Rota Nova | C1: (Vários itens)
B3: M2 | C3: Limite de Produção
C4: 07/mai | D4: 11/mai | E4: 12/mai | F4: 13/mai | G4: 14/mai | H4: 15/mai | I4: Total Geral
B5: Rotas
B6: ESI04 | D6: 2.6565 | E6: 7.2489 | F6: 4.5387 | I6: 14.4441
B7: FUM06 | F7: 10.1558 | H7: 13.342 | I7: 23.4978
B8: FUM08 | E8: 1.058 | F8: 6.1838 | G8: 2.4212 | H8: 21.5456 | I8: 31.2086
B9: INC06 | F9: 1.716 | G9: 7.0769 | I9: 8.7929
B10: INC08 | F10: 1.8052 | G10: 236.9365 | H10: 21.9802 | I10: 260.7219
B11: INC10 | F11: 1.6805 | I11: 1.6805
B12: LMINC08 | C12: 3.2327 | D12: 7.1239 | F12: 5.7058 | G12: 6.321 | I12: 22.3834
B13: LMLT06 | F13: 8.6609 | I13: 8.6609
B14: MBI03 | D14: 0.3099 | F14: 0.3094 | G14: 0.2642 | I14: 0.8835
B15: INC03 | H15: 0.3515 | I15: 0.3515
B16: Total Geral | C16: 3.2327 | D16: 10.0903 | E16: 8.3069 | F16: 40.7561 | G16: 253.0198 | H16: 57.2193 | I16: 372.6251

Sheet MODELADO
A1: Tipo Produção | B1: (Vários itens)
A3: Soma de M2 Vendido | B3: Rótulos de Coluna
B4: 30/abr | C4: 07/mai | D4: 14/mai | E4: 15/mai | F4: 18/mai | G4: 19/mai | H4: 20/mai | I4: 21/mai | J4: 22/mai | K4: 25/mai | L4: 26/mai | M4: 27/mai | N4: 28/mai | O4: 01/jun | P4: Total Geral
A5: Rótulos de Linha
A6: FUM06 | E6: 13.342 | P6: 13.342
A7: FUM08 | F7: 0.18 | H7: 8.6565 | P7: 8.8365
A8: INC04 | C8: 13.7293 | I8: 135.2868 | P8: 149.0161
A9: INC06 | J9: 2.08 | N9: 1.4567 | P9: 3.5367
A10: INC08 | D10: 5.526 | E10: 1.5696 | F10: 9.5914 | G10: 2.4857 | I10: 0.663 | K10: 7.2179 | L10: 0.2401 | O10: 1.42 | P10: 28.7137
A11: INC10 | I11: 4.4388 | J11: 6.7516 | M11: 3.5736 | N11: 12.072 | P11: 26.836
A12: INC03 | B12: 18 | P12: 18
A13: ACD10 | E13: 1.944 | P13: 1.944
A14: Total Geral | B14: 18 | C14: 13.7293 | D14: 5.526 | E14: 16.8556 | F14: 9.7714 | G14: 2.4857 | H14: 8.6565 | I14: 140.3886 | J14: 8.8316 | K14: 7.2179 | L14: 0.2401 | M14: 3.5736 | N14: 13.5287 | O14: 1.42 | P14: 250.225

Sheet Base
A1: Hoje | B1: =TODAY() -> 46157
A3: Rota Nova | B3: Madrugada? | C3: m² + perda | D3: Data entrega | E3: Data Proxima | F3: Data sistema (Final de Semana) | G3: Concatenar | H3: Atraso | I3: Dias de atraso | J3: Dias de produção | K3: Pedido | L3: Peça | M3: Seq. | N3: Cód. Barra | O3: Recorte | P3: Cliente | Q3: Rota | R3: M2 Vendido | S3: Peso | T3: Categoria | U3: Produto | V3: Tipo Produção | W3: Largura | X3: Altura | Y3: Emissão | Z3: Previsão | AA3: PCP | AB3: Corte | AC3: Lapidação | AD3: Entrada Linha Singip | AE3: Marcação | AF3: Marcação WaterJet | AG3: Furação | AH3: Furadeira WaterJet Singip 1º Turno | AI3: Bisote | AJ3: Pintura | AK3: Montagem - Laminado/Duplo | AL3: Lavagem | AM3: Forno | AN3: Modelagem | AO3: Serviço Externo | AP3: Inspeção | AQ3: Serigrafia | AR3: Quebra
A4: =VLOOKUP(Q4,'Rotas x Madrugada'!A:C,2,0) -> E | B4: =VLOOKUP(Q4,'Rotas x Madrugada'!A:C,3,0) -> Não | D4: =IF(E4>F4,E4,F4) -> 46147 | E4: =IF(A4="RETIRA",Z4,VLOOKUP(Q4,'Rotas x Madrugada'!A:D,4,0)) -> 46147 | F4: =IF(A4="RETIRA",Z4,Z4+2) -> 46116 | G4: =CONCATENATE(U4,"-",V4) -> LMN1408DEA-PF | H4: =IF(I4<-10,"PROBLEMA",IF(I4<J4,"URGENTE",IF(I4=J4,"PRODUZIR","OK"))) -> PROBLEMA | I4: =Z4-$B$1 -> -43 | J4: =VLOOKUP(G4,'D. Produção'!A:B,2,) -> 4 | K4: 327442 | L4: 0000-0001 | M4: 1 | N4: 5386912 | P4: DA | Q4: 2E | R4: 1.2756 | S4: 25.5128 | T4: 1 | U4: LMN1408DEA | V4: PF | W4: 1118 | X4: 1141 | Y4: 46118.627 | Z4: 46114 | AD4: N/R | AE4: N/R | AF4: N/R | AG4: N/R | AH4: N/R | AI4: N/R | AJ4: N/R | AK4: N/R | AL4: N/R | AM4: N/R | AN4: N/R | AO4: N/R | AP4: N/R | AQ4: N/R
A5: =VLOOKUP(Q5,'Rotas x Madrugada'!A:C,2,0) -> L | B5: =VLOOKUP(Q5,'Rotas x Madrugada'!A:C,3,0) -> Não | D5: =IF(E5>F5,E5,F5) -> 46149 | E5: =IF(A5="RETIRA",Z5,VLOOKUP(Q5,'Rotas x Madrugada'!A:D,4,0)) -> 46149 | F5: =IF(A5="RETIRA",Z5,Z5+2) -> 46144 | G5: =CONCATENATE(U5,"-",V5) -> LMINC08-PF | H5: =IF(I5<-10,"PROBLEMA",IF(I5<J5,"URGENTE",IF(I5=J5,"PRODUZIR","OK"))) -> PROBLEMA | I5: =Z5-$B$1 -> -15 | J5: =VLOOKUP(G5,'D. Produção'!A:B,2,) -> 4 | K5: 331470 | L5: 0000-0005 | M5: 5 | N5: 5424193 | P5: MAV DO BRASIL | Q5: 5L | R5: 3.178 | S5: 63.5607 | T5: 1 | U5: LMINC08 | V5: PF | W5: 2835 | X5: 1121 | Y5: 46135.474 | Z5: 46142 | AD5: N/R | AE5: N/R | AF5: N/R | AG5: N/R | AH5: N/R | AI5: N/R | AJ5: N/R | AK5: N/R | AL5: N/R | AM5: N/R | AN5: N/R | AO5: N/R | AP5: N/R | AQ5: N/R | AR5: 46155.651
A6: =VLOOKUP(Q6,'Rotas x Madrugada'!A:C,2,0) -> NA | B6: =VLOOKUP(Q6,'Rotas x Madrugada'!A:C,3,0) -> Não | D6: =IF(E6>F6,E6,F6) -> 46146 | E6: =IF(A6="RETIRA",Z6,VLOOKUP(Q6,'Rotas x Madrugada'!A:D,4,0)) -> 46146 | F6: =IF(A6="RETIRA",Z6,Z6+2) -> 46144 | G6: =CONCATENATE(U6,"-",V6) -> INC03-LCF | H6: =IF(I6<-10,"PROBLEMA",IF(I6<J6,"URGENTE",IF(I6=J6,"PRODUZIR","OK"))) -> PROBLEMA | I6: =Z6-$B$1 -> -15 | J6: =VLOOKUP(G6,'D. Produção'!A:B,2,) -> #N/A | K6: 334586 | L6: 0000-0009 | M6: 9 | N6: 5447847 | P6: ALPHA VIDROS | Q6: 4A | R6: 2.25 | S6: 16.875 | T6: 1 | U6: INC03 | V6: LCF | W6: 1500 | X6: 1500 | Y6: 46148.681 | Z6: 46142 | AE6: N/R | AF6: N/R | AG6: N/R | AH6: N/R | AI6: N/R | AJ6: N/R | AM6: N/R | AN6: N/R | AO6: N/R | AQ6: N/R
A7: =VLOOKUP(Q7,'Rotas x Madrugada'!A:C,2,0) -> NA | B7: =VLOOKUP(Q7,'Rotas x Madrugada'!A:C,3,0) -> Não | D7: =IF(E7>F7,E7,F7) -> 46146 | E7: =IF(A7="RETIRA",Z7,VLOOKUP(Q7,'Rotas x Madrugada'!A:D,4,0)) -> 46146 | F7: =IF(A7="RETIRA",Z7,Z7+2) -> 46144 | G7: =CONCATENATE(U7,"-",V7) -> INC03-LCF | H7: =IF(I7<-10,"PROBLEMA",IF(I7<J7,"URGENTE",IF(I7=J7,"PRODUZIR","OK"))) -> PROBLEMA | I7: =Z7-$B$1 -> -15 | J7: =VLOOKUP(G7,'D. Produção'!A:B,2,) -> #N/A | K7: 334586 | L7: 0000-0009 | M7: 9 | N7: 5447848 | P7: ALPHA VIDROS | Q7: 4A | R7: 2.25 | S7: 16.875 | T7: 1 | U7: INC03 | V7: LCF | W7: 1500 | X7: 1500 | Y7: 46148.681 | Z7: 46142 | AE7: N/R | AF7: N/R | AG7: N/R | AH7: N/R | AI7: N/R | AJ7: N/R | AM7: N/R | AN7: N/R | AO7: N/R | AQ7: N/R
A8: =VLOOKUP(Q8,'Rotas x Madrugada'!A:C,2,0) -> NA | B8: =VLOOKUP(Q8,'Rotas x Madrugada'!A:C,3,0) -> Não | D8: =IF(E8>F8,E8,F8) -> 46146 | E8: =IF(A8="RETIRA",Z8,VLOOKUP(Q8,'Rotas x Madrugada'!A:D,4,0)) -> 46146 | F8: =IF(A8="RETIRA",Z8,Z8+2) -> 46144 | G8: =CONCATENATE(U8,"-",V8) -> INC03-LCF | H8: =IF(I8<-10,"PROBLEMA",IF(I8<J8,"URGENTE",IF(I8=J8,"PRODUZIR","OK"))) -> PROBLEMA | I8: =Z8-$B$1 -> -15 | J8: =VLOOKUP(G8,'D. Produção'!A:B,2,) -> #N/A | K8: 334586 | L8: 0000-0010 | M8: 10 | N8: 5447849 | P8: ALPHA VIDROS | Q8: 4A | R8: 2.25 | S8: 16.875 | T8: 1 | U8: INC03 | V8: LCF | W8: 1500 | X8: 1500 | Y8: 46148.681 | Z8: 46142 | AE8: N/R | AF8: N/R | AG8: N/R | AH8: N/R | AI8: N/R | AJ8: N/R | AM8: N/R | AN8: N/R | AO8: N/R | AQ8: N/R
A9: =VLOOKUP(Q9,'Rotas x Madrugada'!A:C,2,0) -> NA | B9: =VLOOKUP(Q9,'Rotas x Madrugada'!A:C,3,0) -> Não | D9: =IF(E9>F9,E9,F9) -> 46146 | E9: =IF(A9="RETIRA",Z9,VLOOKUP(Q9,'Rotas x Madrugada'!A:D,4,0)) -> 46146 | F9: =IF(A9="RETIRA",Z9,Z9+2) -> 46144 | G9: =CONCATENATE(U9,"-",V9) -> INC03-LCF | H9: =IF(I9<-10,"PROBLEMA",IF(I9<J9,"URGENTE",IF(I9=J9,"PRODUZIR","OK"))) -> PROBLEMA | I9: =Z9-$B$1 -> -15 | J9: =VLOOKUP(G9,'D. Produção'!A:B,2,) -> #N/A | K9: 334586 | L9: 0000-0010 | M9: 10 | N9: 5447850 | P9: ALPHA VIDROS | Q9: 4A | R9: 2.25 | S9: 16.875 | T9: 1 | U9: INC03 | V9: LCF | W9: 1500 | X9: 1500 | Y9: 46148.681 | Z9: 46142 | AE9: N/R | AF9: N/R | AG9: N/R | AH9: N/R | AI9: N/R | AJ9: N/R | AM9: N/R | AN9: N/R | AO9: N/R | AQ9: N/R
A10: =VLOOKUP(Q10,'Rotas x Madrugada'!A:C,2,0) -> NA | B10: =VLOOKUP(Q10,'Rotas x Madrugada'!A:C,3,0) -> Não | D10: =IF(E10>F10,E10,F10) -> 46146 | E10: =IF(A10="RETIRA",Z10,VLOOKUP(Q10,'Rotas x Madrugada'!A:D,4,0)) -> 46146 | F10: =IF(A10="RETIRA",Z10,Z10+2) -> 46144 | G10: =CONCATENATE(U10,"-",V10) -> INC03-LCF | H10: =IF(I10<-10,"PROBLEMA",IF(I10<J10,"URGENTE",IF(I10=J10,"PRODUZIR","OK"))) -> PROBLEMA | I10: =Z10-$B$1 -> -15 | J10: =VLOOKUP(G10,'D. Produção'!A:B,2,) -> #N/A | K10: 334586 | L10: 0000-0011 | M10: 11 | N10: 5447851 | P10: ALPHA VIDROS | Q10: 4A | R10: 2.25 | S10: 16.875 | T10: 1 | U10: INC03 | V10: LCF | W10: 1500 | X10: 1500 | Y10: 46148.681 | Z10: 46142 | AE10: N/R | AF10: N/R | AG10: N/R | AH10: N/R | AI10: N/R | AJ10: N/R | AM10: N/R | AN10: N/R | AO10: N/R | AQ10: N/R
A11: =VLOOKUP(Q11,'Rotas x Madrugada'!A:C,2,0) -> NA | B11: =VLOOKUP(Q11,'Rotas x Madrugada'!A:C,3,0) -> Não | D11: =IF(E11>F11,E11,F11) -> 46146 | E11: =IF(A11="RETIRA",Z11,VLOOKUP(Q11,'Rotas x Madrugada'!A:D,4,0)) -> 46146 | F11: =IF(A11="RETIRA",Z11,Z11+2) -> 46144 | G11: =CONCATENATE(U11,"-",V11) -> INC03-LCF | H11: =IF(I11<-10,"PROBLEMA",IF(I11<J11,"URGENTE",IF(I11=J11,"PRODUZIR","OK"))) -> PROBLEMA | I11: =Z11-$B$1 -> -15 | J11: =VLOOKUP(G11,'D. Produção'!A:B,2,) -> #N/A | K11: 334586 | L11: 0000-0011 | M11: 11 | N11: 5447852 | P11: ALPHA VIDROS | Q11: 4A | R11: 2.25 | S11: 16.875 | T11: 1 | U11: INC03 | V11: LCF | W11: 1500 | X11: 1500 | Y11: 46148.681 | Z11: 46142 | AE11: N/R | AF11: N/R | AG11: N/R | AH11: N/R | AI11: N/R | AJ11: N/R | AM11: N/R | AN11: N/R | AO11: N/R | AQ11: N/R
A12: =VLOOKUP(Q12,'Rotas x Madrugada'!A:C,2,0) -> NA | B12: =VLOOKUP(Q12,'Rotas x Madrugada'!A:C,3,0) -> Não | D12: =IF(E12>F12,E12,F12) -> 46146 | E12: =IF(A12="RETIRA",Z12,VLOOKUP(Q12,'Rotas x Madrugada'!A:D,4,0)) -> 46146 | F12: =IF(A12="RETIRA",Z12,Z12+2) -> 46144 | G12: =CONCATENATE(U12,"-",V12) -> INC03-LCF | H12: =IF(I12<-10,"PROBLEMA",IF(I12<J12,"URGENTE",IF(I12=J12,"PRODUZIR","OK"))) -> PROBLEMA | I12: =Z12-$B$1 -> -15 | J12: =VLOOKUP(G12,'D. Produção'!A:B,2,) -> #N/A | K12: 334586 | L12: 0000-0012 | M12: 12 | N12: 5447853 | P12: ALPHA VIDROS | Q12: 4A | R12: 2.25 | S12: 16.875 | T12: 1 | U12: INC03 | V12: LCF | W12: 1500 | X12: 1500 | Y12: 46148.681 | Z12: 46142 | AE12: N/R | AF12: N/R | AG12: N/R | AH12: N/R | AI12: N/R | AJ12: N/R | AM12: N/R | AN12: N/R | AO12: N/R | AQ12: N/R
A13: =VLOOKUP(Q13,'Rotas x Madrugada'!A:C,2,0) -> NA | B13: =VLOOKUP(Q13,'Rotas x Madrugada'!A:C,3,0) -> Não | D13: =IF(E13>F13,E13,F13) -> 46146 | E13: =IF(A13="RETIRA",Z13,VLOOKUP(Q13,'Rotas x Madrugada'!A:D,4,0)) -> 46146 | F13: =IF(A13="RETIRA",Z13,Z13+2) -> 46144 | G13: =CONCATENATE(U13,"-",V13) -> INC03-LCF | H13: =IF(I13<-10,"PROBLEMA",IF(I13<J13,"URGENTE",IF(I13=J13,"PRODUZIR","OK"))) -> PROBLEMA | I13: =Z13-$B$1 -> -15 | J13: =VLOOKUP(G13,'D. Produção'!A:B,2,) -> #N/A | K13: 334586 | L13: 0000-0012 | M13: 12 | N13: 5447854 | P13: ALPHA VIDROS | Q13: 4A | R13: 2.25 | S13: 16.875 | T13: 1 | U13: INC03 | V13: LCF | W13: 1500 | X13: 1500 | Y13: 46148.681 | Z13: 46142 | AE13: N/R | AF13: N/R | AG13: N/R | AH13: N/R | AI13: N/R | AJ13: N/R | AM13: N/R | AN13: N/R | AO13: N/R | AQ13: N/R
A14: =VLOOKUP(Q14,'Rotas x Madrugada'!A:C,2,0) -> A | B14: =VLOOKUP(Q14,'Rotas x Madrugada'!A:C,3,0) -> Sim | D14: =IF(E14>F14,E14,F14) -> 46148 | E14: =IF(A14="RETIRA",Z14,VLOOKUP(Q14,'Rotas x Madrugada'!A:D,4,0)) -> 46148 | F14: =IF(A14="RETIRA",Z14,Z14+2) -> 46148 | G14: =CONCATENATE(U14,"-",V14) -> LMLT06-PF | H14: =IF(I14<-10,"PROBLEMA",IF(I14<J14,"URGENTE",IF(I14=J14,"PRODUZIR","OK"))) -> PROBLEMA | I14: =Z14-$B$1 -> -11 | J14: =VLOOKUP(G14,'D. Produção'!A:B,2,) -> 4 | K14: 332341 | L14: 0000-0038 | M14: 38 | N14: 5431228 | P14: FAT 3º - 23 CAMPESTRE | Q14: 7A | R14: 0.4286 | S14: 6.4294 | T14: 1 | U14: LMLT06 | V14: PF | W14: 675 | X14: 635 | Y14: 46139.628 | Z14: 46146 | AD14: N/R | AE14: N/R | AF14: N/R | AG14: N/R | AH14: N/R | AI14: N/R | AJ14: N/R | AK14: N/R | AL14: N/R | AM14: N/R | AN14: N/R | AO14: N/R | AP14: N/R | AQ14: N/R | AR14: 46157.368
A15: =VLOOKUP(Q15,'Rotas x Madrugada'!A:C,2,0) -> A | B15: =VLOOKUP(Q15,'Rotas x Madrugada'!A:C,3,0) -> Sim | D15: =IF(E15>F15,E15,F15) -> 46148 | E15: =IF(A15="RETIRA",Z15,VLOOKUP(Q15,'Rotas x Madrugada'!A:D,4,0)) -> 46148 | F15: =IF(A15="RETIRA",Z15,Z15+2) -> 46148 | G15: =CONCATENATE(U15,"-",V15) -> LMLT06-PF | H15: =IF(I15<-10,"PROBLEMA",IF(I15<J15,"URGENTE",IF(I15=J15,"PRODUZIR","OK"))) -> PROBLEMA | I15: =Z15-$B$1 -> -11 | J15: =VLOOKUP(G15,'D. Produção'!A:B,2,) -> 4 | K15: 332341 | L15: 0000-0046 | M15: 46 | N15: 5431236 | P15: FAT 3º - 23 CAMPESTRE | Q15: 7A | R15: 0.4286 | S15: 6.4294 | T15: 1 | U15: LMLT06 | V15: PF | W15: 675 | X15: 635 | Y15: 46139.628 | Z15: 46146 | AD15: N/R | AE15: N/R | AF15: N/R | AG15: N/R | AH15: N/R | AI15: N/R | AJ15: N/R | AK15: N/R | AL15: N/R | AM15: N/R | AN15: N/R | AO15: N/R | AP15: N/R | AQ15: N/R | AR15: 46157.367
A16: =VLOOKUP(Q16,'Rotas x Madrugada'!A:C,2,0) -> D | B16: =VLOOKUP(Q16,'Rotas x Madrugada'!A:C,3,0) -> Dep. | D16: =IF(E16>F16,E16,F16) -> 46151 | E16: =IF(A16="RETIRA",Z16,VLOOKUP(Q16,'Rotas x Madrugada'!A:D,4,0)) -> 46147 | F16: =IF(A16="RETIRA",Z16,Z16+2) -> 46151 | G16: =CONCATENATE(U16,"-",V16) -> LMINC08-PF | H16: =IF(I16<-10,"PROBLEMA",IF(I16<J16,"URGENTE",IF(I16=J16,"PRODUZIR","OK"))) -> URGENTE | I16: =Z16-$B$1 -> -8 | J16: =VLOOKUP(G16,'D. Produção'!A:B,2,) -> 4 | K16: 331505 | L16: 0000-0001 | M16: 1 | N16: 5424454 | P16: CONSTRULAR LIMEIRA COM DE ESQ | Q16: 6D | R16: 1.17 | S16: 23.4 | T16: 1 | U16: LMINC08 | V16: PF | W16: 1300 | X16: 900 | Y16: 46135.502 | Z16: 46149 | AD16: N/R | AE16: N/R | AF16: N/R | AG16: N/R | AH16: N/R | AI16: N/R | AJ16: N/R | AK16: N/R | AL16: N/R | AM16: N/R | AN16: N/R | AO16: N/R | AP16: N/R | AQ16: N/R | AR16: 46155.626
A17: =VLOOKUP(Q17,'Rotas x Madrugada'!A:C,2,0) -> D | B17: =VLOOKUP(Q17,'Rotas x Madrugada'!A:C,3,0) -> Dep. | D17: =IF(E17>F17,E17,F17) -> 46151 | E17: =IF(A17="RETIRA",Z17,VLOOKUP(Q17,'Rotas x Madrugada'!A:D,4,0)) -> 46147 | F17: =IF(A17="RETIRA",Z17,Z17+2) -> 46151 | G17: =CONCATENATE(U17,"-",V17) -> LMINC08-PF | H17: =IF(I17<-10,"PROBLEMA",IF(I17<J17,"URGENTE",IF(I17=J17,"PRODUZIR","OK"))) -> URGENTE | I17: =Z17-$B$1 -> -8 | J17: =VLOOKUP(G17,'D. Produção'!A:B,2,) -> 4 | K17: 331505 | L17: 0000-0002 | M17: 2 | N17: 5424456 | P17: CONSTRULAR LIMEIRA COM DE ESQ | Q17: 6D | R17: 1.17 | S17: 23.4 | T17: 1 | U17: LMINC08 | V17: PF | W17: 1300 | X17: 900 | Y17: 46135.502 | Z17: 46149 | AD17: N/R | AE17: N/R | AF17: N/R | AG17: N/R | AH17: N/R | AI17: N/R | AJ17: N/R | AK17: N/R | AL17: N/R | AM17: N/R | AN17: N/R | AO17: N/R | AP17: N/R | AQ17: N/R | AR17: 46155.667
A18: =VLOOKUP(Q18,'Rotas x Madrugada'!A:C,2,0) -> #N/A | B18: =VLOOKUP(Q18,'Rotas x Madrugada'!A:C,3,0) -> #N/A | D18: =IF(E18>F18,E18,F18) -> #N/A | E18: =IF(A18="RETIRA",Z18,VLOOKUP(Q18,'Rotas x Madrugada'!A:D,4,0)) -> #N/A | F18: =IF(A18="RETIRA",Z18,Z18+2) -> #N/A | G18: =CONCATENATE(U18,"-",V18) -> INC04-LCF | H18: =IF(I18<-10,"PROBLEMA",IF(I18<J18,"URGENTE",IF(I18=J18,"PRODUZIR","OK"))) -> #N/A | I18: =Z18-$B$1 -> -8 | J18: =VLOOKUP(G18,'D. Produção'!A:B,2,) -> #N/A | K18: 331991 | L18: 0000-0014 | M18: 14 | N18: 5454092 | P18: HOTEL TORIBA | Q18: 4T | R18: 2.405 | S18: 24.05 | T18: 1 | U18: INC04 | V18: LCF | W18: 1300 | X18: 1850 | Y18: 46136.656 | Z18: 46149 | AE18: N/R | AF18: N/R | AG18: N/R | AH18: N/R | AI18: N/R | AJ18: N/R | AM18: N/R | AN18: N/R | AO18: N/R | AQ18: N/R | AR18: 46157.385
A19: =VLOOKUP(Q19,'Rotas x Madrugada'!A:C,2,0) -> #N/A | B19: =VLOOKUP(Q19,'Rotas x Madrugada'!A:C,3,0) -> #N/A | D19: =IF(E19>F19,E19,F19) -> #N/A | E19: =IF(A19="RETIRA",Z19,VLOOKUP(Q19,'Rotas x Madrugada'!A:D,4,0)) -> #N/A | F19: =IF(A19="RETIRA",Z19,Z19+2) -> #N/A | G19: =CONCATENATE(U19,"-",V19) -> INC04-LCF | H19: =IF(I19<-10,"PROBLEMA",IF(I19<J19,"URGENTE",IF(I19=J19,"PRODUZIR","OK"))) -> #N/A | I19: =Z19-$B$1 -> -8 | J19: =VLOOKUP(G19,'D. Produção'!A:B,2,) -> #N/A | K19: 331991 | L19: 0000-0014 | M19: 14 | N19: 5454093 | P19: HOTEL TORIBA | Q19: 4T | R19: 2.405 | S19: 24.05 | T19: 1 | U19: INC04 | V19: LCF | W19: 1300 | X19: 1850 | Y19: 46136.656 | Z19: 46149 | AE19: N/R | AF19: N/R | AG19: N/R | AH19: N/R | AI19: N/R | AJ19: N/R | AM19: N/R | AN19: N/R | AO19: N/R | AQ19: N/R | AR19: 46157.355
A20: =VLOOKUP(Q20,'Rotas x Madrugada'!A:C,2,0) -> #N/A | B20: =VLOOKUP(Q20,'Rotas x Madrugada'!A:C,3,0) -> #N/A | D20: =IF(E20>F20,E20,F20) -> #N/A | E20: =IF(A20="RETIRA",Z20,VLOOKUP(Q20,'Rotas x Madrugada'!A:D,4,0)) -> #N/A | F20: =IF(A20="RETIRA",Z20,Z20+2) -> #N/A | G20: =CONCATENATE(U20,"-",V20) -> INC04-LCF | H20: =IF(I20<-10,"PROBLEMA",IF(I20<J20,"URGENTE",IF(I20=J20,"PRODUZIR","OK"))) -> #N/A | I20: =Z20-$B$1 -> -8 | J20: =VLOOKUP(G20,'D. Produção'!A:B,2,) -> #N/A | K20: 331991 | L20: 0000-0016 | M20: 16 | N20: 5454098 | P20: HOTEL TORIBA | Q20: 4T | R20: 2.405 | S20: 24.05 | T20: 1 | U20: INC04 | V20: LCF | W20: 1300 | X20: 1850 | Y20: 46136.656 | Z20: 46149 | AE20: N/R | AF20: N/R | AG20: N/R | AH20: N/R | AI20: N/R | AJ20: N/R | AM20: N/R | AN20: N/R | AO20: N/R | AQ20: N/R | AR20: 46157.352
A21: =VLOOKUP(Q21,'Rotas x Madrugada'!A:C,2,0) -> #N/A | B21: =VLOOKUP(Q21,'Rotas x Madrugada'!A:C,3,0) -> #N/A | D21: =IF(E21>F21,E21,F21) -> #N/A | E21: =IF(A21="RETIRA",Z21,VLOOKUP(Q21,'Rotas x Madrugada'!A:D,4,0)) -> #N/A | F21: =IF(A21="RETIRA",Z21,Z21+2) -> #N/A | G21: =CONCATENATE(U21,"-",V21) -> INC04-LCF | H21: =IF(I21<-10,"PROBLEMA",IF(I21<J21,"URGENTE",IF(I21=J21,"PRODUZIR","OK"))) -> #N/A | I21: =Z21-$B$1 -> -8 | J21: =VLOOKUP(G21,'D. Produção'!A:B,2,) -> #N/A | K21: 331991 | L21: 0000-0016 | M21: 16 | N21: 5454099 | P21: HOTEL TORIBA | Q21: 4T | R21: 2.405 | S21: 24.05 | T21: 1 | U21: INC04 | V21: LCF | W21: 1300 | X21: 1850 | Y21: 46136.656 | Z21: 46149 | AE21: N/R | AF21: N/R | AG21: N/R | AH21: N/R | AI21: N/R | AJ21: N/R | AM21: N/R | AN21: N/R | AO21: N/R | AQ21: N/R | AR21: 46157.386
A22: =VLOOKUP(Q22,'Rotas x Madrugada'!A:C,2,0) -> #N/A | B22: =VLOOKUP(Q22,'Rotas x Madrugada'!A:C,3,0) -> #N/A | D22: =IF(E22>F22,E22,F22) -> #N/A | E22: =IF(A22="RETIRA",Z22,VLOOKUP(Q22,'Rotas x Madrugada'!A:D,4,0)) -> #N/A | F22: =IF(A22="RETIRA",Z22,Z22+2) -> #N/A | G22: =CONCATENATE(U22,"-",V22) -> INC04-LCF | H22: =IF(I22<-10,"PROBLEMA",IF(I22<J22,"URGENTE",IF(I22=J22,"PRODUZIR","OK"))) -> #N/A | I22: =Z22-$B$1 -> -8 | J22: =VLOOKUP(G22,'D. Produção'!A:B,2,) -> #N/A | K22: 331991 | L22: 0000-0017 | M22: 17 | N22: 5454102 | P22: HOTEL TORIBA | Q22: 4T | R22: 2.2718 | S22: 22.718 | T22: 1 | U22: INC04 | V22: LCF | W22: 1228 | X22: 1850 | Y22: 46136.656 | Z22: 46149 | AE22: N/R | AF22: N/R | AG22: N/R | AH22: N/R | AI22: N/R | AJ22: N/R | AM22: N/R | AN22: N/R | AO22: N/R | AQ22: N/R | AR22: 46157.344
A23: =VLOOKUP(Q23,'Rotas x Madrugada'!A:C,2,0) -> #N/A | B23: =VLOOKUP(Q23,'Rotas x Madrugada'!A:C,3,0) -> #N/A | D23: =IF(E23>F23,E23,F23) -> #N/A | E23: =IF(A23="RETIRA",Z23,VLOOKUP(Q23,'Rotas x Madrugada'!A:D,4,0)) -> #N/A | F23: =IF(A23="RETIRA",Z23,Z23+2) -> #N/A | G23: =CONCATENATE(U23,"-",V23) -> INC04-LCF | H23: =IF(I23<-10,"PROBLEMA",IF(I23<J23,"URGENTE",IF(I23=J23,"PRODUZIR","OK"))) -> #N/A | I23: =Z23-$B$1 -> -8 | J23: =VLOOKUP(G23,'D. Produção'!A:B,2,) -> #N/A | K23: 331996 | L23: 0000-0002 | M23: 2 | N23: 5454126 | P23: HOTEL TORIBA | Q23: 4T | R23: 1.8375 | S23: 18.375 | T23: 1 | U23: INC04 | V23: LCF | W23: 1225 | X23: 1500 | Y23: 46136.656 | Z23: 46149 | AE23: N/R | AF23: N/R | AG23: N/R | AH23: N/R | AI23: N/R | AJ23: N/R | AM23: N/R | AN23: N/R | AO23: N/R | AQ23: N/R | AR23: 46157.377
A24: =VLOOKUP(Q24,'Rotas x Madrugada'!A:C,2,0) -> D | B24: =VLOOKUP(Q24,'Rotas x Madrugada'!A:C,3,0) -> Dep. | D24: =IF(E24>F24,E24,F24) -> 46151 | E24: =IF(A24="RETIRA",Z24,VLOOKUP(Q24,'Rotas x Madrugada'!A:D,4,0)) -> 46147 | F24: =IF(A24="RETIRA",Z24,Z24+2) -> 46151 | G24: =CONCATENATE(U24,"-",V24) -> LMINC08-PF | H24: =IF(I24<-10,"PROBLEMA",IF(I24<J24,"URGENTE",IF(I24=J24,"PRODUZIR","OK"))) -> URGENTE | I24: =Z24-$B$1 -> -8 | J24: =VLOOKUP(G24,'D. Produção'!A:B,2,) -> 4 | K24: 332210 | L24: 0000-0001 | M24: 1 | N24: 5430277 | P24: TAMBAU ULIBOX | Q24: 6D | R24: 0.8927 | S24: 17.8542 | T24: 1 | U24: LMINC08 | V24: PF | W24: 910 | X24: 981 | Y24: 46139.421 | Z24: 46149 | AD24: N/R | AE24: N/R | AF24: N/R | AG24: N/R | AH24: N/R | AI24: N/R | AJ24: N/R | AK24: N/R | AL24: N/R | AM24: N/R | AN24: N/R | AO24: N/R | AP24: N/R | AQ24: N/R
A25: =VLOOKUP(Q25,'Rotas x Madrugada'!A:C,2,0) -> NC | B25: =VLOOKUP(Q25,'Rotas x Madrugada'!A:C,3,0) -> Não | D25: =IF(E25>F25,E25,F25) -> 46153 | E25: =IF(A25="RETIRA",Z25,VLOOKUP(Q25,'Rotas x Madrugada'!A:D,4,0)) -> 46146 | F25: =IF(A25="RETIRA",Z25,Z25+2) -> 46153 | G25: =CONCATENATE(U25,"-",V25) -> ESI04-EFB | H25: =IF(I25<-10,"PROBLEMA",IF(I25<J25,"URGENTE",IF(I25=J25,"PRODUZIR","OK"))) -> URGENTE | I25: =Z25-$B$1 -> -6 | J25: =VLOOKUP(G25,'D. Produção'!A:B,2,) -> 1 | K25: 334141 | L25: 0000-0001 | M25: 1 | N25: 5444324 | P25: J E VIDROS | Q25: 4C | R25: 1.377 | S25: 13.77 | T25: 1 | U25: ESI04 | V25: EFB | W25: 1530 | X25: 900 | Y25: 46147.612 | Z25: 46151 | AD25: N/R | AE25: N/R | AF25: N/R | AG25: N/R | AH25: N/R | AJ25: N/R | AK25: N/R | AM25: N/R | AN25: N/R | AO25: N/R | AQ25: N/R | AR25: 46155.346
A26: =VLOOKUP(Q26,'Rotas x Madrugada'!A:C,2,0) -> B | B26: =VLOOKUP(Q26,'Rotas x Madrugada'!A:C,3,0) -> Dep. | D26: =IF(E26>F26,E26,F26) -> 46155 | E26: =IF(A26="RETIRA",Z26,VLOOKUP(Q26,'Rotas x Madrugada'!A:D,4,0)) -> 46146 | F26: =IF(A26="RETIRA",Z26,Z26+2) -> 46155 | G26: =CONCATENATE(U26,"-",V26) -> LMINC08-PF | H26: =IF(I26<-10,"PROBLEMA",IF(I26<J26,"URGENTE",IF(I26=J26,"PRODUZIR","OK"))) -> URGENTE | I26: =Z26-$B$1 -> -4 | J26: =VLOOKUP(G26,'D. Produção'!A:B,2,) -> 4 | K26: 332389 | L26: 0000-0001 | M26: 1 | N26: 5431757 | P26: FAT 3º - 3989 MAGNA | Q26: 3B | R26: 3.0697 | S26: 61.3939 | T26: 1 | U26: LMINC08 | V26: PF | W26: 2284 | X26: 1344 | Y26: 46139.688 | Z26: 46153 | AD26: N/R | AE26: N/R | AF26: N/R | AG26: N/R | AH26: N/R | AI26: N/R | AJ26: N/R | AK26: N/R | AL26: N/R | AM26: N/R | AN26: N/R | AO26: N/R | AP26: N/R | AQ26: N/R | AR26: 46155.627
A27: =VLOOKUP(Q27,'Rotas x Madrugada'!A:C,2,0) -> K | B27: =VLOOKUP(Q27,'Rotas x Madrugada'!A:C,3,0) -> Sim | D27: =IF(E27>F27,E27,F27) -> 46155 | E27: =IF(A27="RETIRA",Z27,VLOOKUP(Q27,'Rotas x Madrugada'!A:D,4,0)) -> 46146 | F27: =IF(A27="RETIRA",Z27,Z27+2) -> 46155 | G27: =CONCATENATE(U27,"-",V27) -> LMINC08-PF | H27: =IF(I27<-10,"PROBLEMA",IF(I27<J27,"URGENTE",IF(I27=J27,"PRODUZIR","OK"))) -> URGENTE | I27: =Z27-$B$1 -> -4 | J27: =VLOOKUP(G27,'D. Produção'!A:B,2,) -> 4 | K27: 332848 | L27: 0000-0006 | M27: 6 | N27: 5435879 | P27: MG ALUM E VIDRO | Q27: 9K | R27: 1.0605 | S27: 21.21 | T27: 1 | U27: LMINC08 | V27: PF | W27: 1010 | X27: 1050 | Y27: 46141.376 | Z27: 46153 | AD27: N/R | AE27: N/R | AF27: N/R | AG27: N/R | AH27: N/R | AI27: N/R | AJ27: N/R | AK27: N/R | AL27: N/R | AM27: N/R | AN27: N/R | AO27: N/R | AP27: N/R | AQ27: N/R | AR27: 46154.666
A28: =VLOOKUP(Q28,'Rotas x Madrugada'!A:C,2,0) -> K | B28: =VLOOKUP(Q28,'Rotas x Madrugada'!A:C,3,0) -> Sim | D28: =IF(E28>F28,E28,F28) -> 46155 | E28: =IF(A28="RETIRA",Z28,VLOOKUP(Q28,'Rotas x Madrugada'!A:D,4,0)) -> 46146 | F28: =IF(A28="RETIRA",Z28,Z28+2) -> 46155 | G28: =CONCATENATE(U28,"-",V28) -> LMINC08-PF | H28: =IF(I28<-10,"PROBLEMA",IF(I28<J28,"URGENTE",IF(I28=J28,"PRODUZIR","OK"))) -> URGENTE | I28: =Z28-$B$1 -> -4 | J28: =VLOOKUP(G28,'D. Produção'!A:B,2,) -> 4 | K28: 332848 | L28: 0000-0008 | M28: 8 | N28: 5435881 | P28: MG ALUM E VIDRO | Q28: 9K | R28: 1.1968 | S28: 23.937 | T28: 1 | U28: LMINC08 | V28: PF | W28: 1185 | X28: 1010 | Y28: 46141.376 | Z28: 46153 | AD28: N/R | AE28: N/R | AF28: N/R | AG28: N/R | AH28: N/R | AI28: N/R | AJ28: N/R | AK28: N/R | AL28: N/R | AM28: N/R | AN28: N/R | AO28: N/R | AP28: N/R | AQ28: N/R | AR28: 46154.666
A29: =VLOOKUP(Q29,'Rotas x Madrugada'!A:C,2,0) -> K | B29: =VLOOKUP(Q29,'Rotas x Madrugada'!A:C,3,0) -> Sim | D29: =IF(E29>F29,E29,F29) -> 46155 | E29: =IF(A29="RETIRA",Z29,VLOOKUP(Q29,'Rotas x Madrugada'!A:D,4,0)) -> 46146 | F29: =IF(A29="RETIRA",Z29,Z29+2) -> 46155 | G29: =CONCATENATE(U29,"-",V29) -> LMINC08-PF | H29: =IF(I29<-10,"PROBLEMA",IF(I29<J29,"URGENTE",IF(I29=J29,"PRODUZIR","OK"))) -> URGENTE | I29: =Z29-$B$1 -> -4 | J29: =VLOOKUP(G29,'D. Produção'!A:B,2,) -> 4 | K29: 332848 | L29: 0000-0010 | M29: 10 | N29: 5435883 | P29: MG ALUM E VIDRO | Q29: 9K | R29: 0.9435 | S29: 18.87 | T29: 1 | U29: LMINC08 | V29: PF | W29: 1110 | X29: 850 | Y29: 46141.376 | Z29: 46153 | AD29: N/R | AE29: N/R | AF29: N/R | AG29: N/R | AH29: N/R | AI29: N/R | AJ29: N/R | AK29: N/R | AL29: N/R | AM29: N/R | AN29: N/R | AO29: N/R | AP29: N/R | AQ29: N/R
A30: =VLOOKUP(Q30,'Rotas x Madrugada'!A:C,2,0) -> K | B30: =VLOOKUP(Q30,'Rotas x Madrugada'!A:C,3,0) -> Sim | D30: =IF(E30>F30,E30,F30) -> 46155 | E30: =IF(A30="RETIRA",Z30,VLOOKUP(Q30,'Rotas x Madrugada'!A:D,4,0)) -> 46146 | F30: =IF(A30="RETIRA",Z30,Z30+2) -> 46155 | G30: =CONCATENATE(U30,"-",V30) -> LMINC08-PF | H30: =IF(I30<-10,"PROBLEMA",IF(I30<J30,"URGENTE",IF(I30=J30,"PRODUZIR","OK"))) -> URGENTE | I30: =Z30-$B$1 -> -4 | J30: =VLOOKUP(G30,'D. Produção'!A:B,2,) -> 4 | K30: 332848 | L30: 0000-0012 | M30: 12 | N30: 5435885 | P30: MG ALUM E VIDRO | Q30: 9K | R30: 0.8534 | S30: 17.069 | T30: 1 | U30: LMINC08 | V30: PF | W30: 845 | X30: 1010 | Y30: 46141.376 | Z30: 46153 | AD30: N/R | AE30: N/R | AF30: N/R | AG30: N/R | AH30: N/R | AI30: N/R | AJ30: N/R | AK30: N/R | AL30: N/R | AM30: N/R | AN30: N/R | AO30: N/R | AP30: N/R | AQ30: N/R
A31: =VLOOKUP(Q31,'Rotas x Madrugada'!A:C,2,0) -> NH | B31: =VLOOKUP(Q31,'Rotas x Madrugada'!A:C,3,0) -> Não | D31: =IF(E31>F31,E31,F31) -> 46155 | E31: =IF(A31="RETIRA",Z31,VLOOKUP(Q31,'Rotas x Madrugada'!A:D,4,0)) -> 46146 | F31: =IF(A31="RETIRA",Z31,Z31+2) -> 46155 | G31: =CONCATENATE(U31,"-",V31) -> ESI04-EFB | H31: =IF(I31<-10,"PROBLEMA",IF(I31<J31,"URGENTE",IF(I31=J31,"PRODUZIR","OK"))) -> URGENTE | I31: =Z31-$B$1 -> -4 | J31: =VLOOKUP(G31,'D. Produção'!A:B,2,) -> 1 | K31: 334020 | L31: 0000-0001 | M31: 1 | N31: 5442919 | P31: CONSUMIDOR DIVIMAX HORTOLÂNDIA | Q31: 4H | R31: 0.5768 | S31: 5.768 | T31: 1 | U31: ESI04 | V31: EFB | W31: 852 | X31: 677 | Y31: 46147.455 | Z31: 46153 | AD31: N/R | AE31: N/R | AF31: N/R | AG31: N/R | AH31: N/R | AJ31: N/R | AK31: N/R | AM31: N/R | AN31: N/R | AO31: N/R | AQ31: N/R | AR31: 46155.43
A32: =VLOOKUP(Q32,'Rotas x Madrugada'!A:C,2,0) -> NH | B32: =VLOOKUP(Q32,'Rotas x Madrugada'!A:C,3,0) -> Não | D32: =IF(E32>F32,E32,F32) -> 46155 | E32: =IF(A32="RETIRA",Z32,VLOOKUP(Q32,'Rotas x Madrugada'!A:D,4,0)) -> 46146 | F32: =IF(A32="RETIRA",Z32,Z32+2) -> 46155 | G32: =CONCATENATE(U32,"-",V32) -> ESI04-EF | H32: =IF(I32<-10,"PROBLEMA",IF(I32<J32,"URGENTE",IF(I32=J32,"PRODUZIR","OK"))) -> URGENTE | I32: =Z32-$B$1 -> -4 | J32: =VLOOKUP(G32,'D. Produção'!A:B,2,) -> 1 | K32: 334021 | L32: 0000-0001 | M32: 1 | N32: 5442920 | P32: SOS ESQ | Q32: 4H | R32: 3.1964 | S32: 31.964 | T32: 1 | U32: ESI04 | V32: EF | W32: 1310 | X32: 2440 | Y32: 46147.456 | Z32: 46153 | AE32: N/R | AF32: N/R | AG32: N/R | AH32: N/R | AI32: N/R | AJ32: N/R | AK32: N/R | AM32: N/R | AN32: N/R | AO32: N/R | AQ32: N/R
A33: =VLOOKUP(Q33,'Rotas x Madrugada'!A:C,2,0) -> NH | B33: =VLOOKUP(Q33,'Rotas x Madrugada'!A:C,3,0) -> Não | D33: =IF(E33>F33,E33,F33) -> 46155 | E33: =IF(A33="RETIRA",Z33,VLOOKUP(Q33,'Rotas x Madrugada'!A:D,4,0)) -> 46146 | F33: =IF(A33="RETIRA",Z33,Z33+2) -> 46155 | G33: =CONCATENATE(U33,"-",V33) -> ESI04-EFB | H33: =IF(I33<-10,"PROBLEMA",IF(I33<J33,"URGENTE",IF(I33=J33,"PRODUZIR","OK"))) -> URGENTE | I33: =Z33-$B$1 -> -4 | J33: =VLOOKUP(G33,'D. Produção'!A:B,2,) -> 1 | K33: 334279 | L33: 0000-0001 | M33: 1 | N33: 5445658 | P33: BONFIM VIDROS | Q33: 4H | R33: 2.22 | S33: 22.2 | T33: 1 | U33: ESI04 | V33: EFB | W33: 1500 | X33: 1480 | Y33: 46147.714 | Z33: 46153 | AD33: N/R | AE33: N/R | AF33: N/R | AG33: N/R | AH33: N/R | AJ33: N/R | AK33: N/R | AM33: N/R | AN33: N/R | AO33: N/R | AQ33: N/R
A34: =VLOOKUP(Q34,'Rotas x Madrugada'!A:C,2,0) -> NH | B34: =VLOOKUP(Q34,'Rotas x Madrugada'!A:C,3,0) -> Não | D34: =IF(E34>F34,E34,F34) -> 46155 | E34: =IF(A34="RETIRA",Z34,VLOOKUP(Q34,'Rotas x Madrugada'!A:D,4,0)) -> 46146 | F34: =IF(A34="RETIRA",Z34,Z34+2) -> 46155 | G34: =CONCATENATE(U34,"-",V34) -> ESI04-EF | H34: =IF(I34<-10,"PROBLEMA",IF(I34<J34,"URGENTE",IF(I34=J34,"PRODUZIR","OK"))) -> URGENTE | I34: =Z34-$B$1 -> -4 | J34: =VLOOKUP(G34,'D. Produção'!A:B,2,) -> 1 | K34: 334576 | L34: 0000-0001 | M34: 1 | N34: 5447780 | P34: CONSUMIDOR DIVIMAX HORTOLÂNDIA | Q34: 4H | R34: 1.8 | S34: 18 | T34: 1 | U34: ESI04 | V34: EF | W34: 900 | X34: 2000 | Y34: 46148.678 | Z34: 46153 | AE34: N/R | AF34: N/R | AG34: N/R | AH34: N/R | AI34: N/R | AJ34: N/R | AK34: N/R | AM34: N/R | AN34: N/R | AO34: N/R | AQ34: N/R
A35: =VLOOKUP(Q35,'Rotas x Madrugada'!A:C,2,0) -> NH | B35: =VLOOKUP(Q35,'Rotas x Madrugada'!A:C,3,0) -> Não | D35: =IF(E35>F35,E35,F35) -> 46155 | E35: =IF(A35="RETIRA",Z35,VLOOKUP(Q35,'Rotas x Madrugada'!A:D,4,0)) -> 46146 | F35: =IF(A35="RETIRA",Z35,Z35+2) -> 46155 | G35: =CONCATENATE(U35,"-",V35) -> ESI04-EF | H35: =IF(I35<-10,"PROBLEMA",IF(I35<J35,"URGENTE",IF(I35=J35,"PRODUZIR","OK"))) -> URGENTE | I35: =Z35-$B$1 -> -4 | J35: =VLOOKUP(G35,'D. Produção'!A:B,2,) -> 1 | K35: 334576 | L35: 0000-0002 | M35: 2 | N35: 5447781 | P35: CONSUMIDOR DIVIMAX HORTOLÂNDIA | Q35: 4H | R35: 1.8 | S35: 18 | T35: 1 | U35: ESI04 | V35: EF | W35: 900 | X35: 2000 | Y35: 46148.678 | Z35: 46153 | AE35: N/R | AF35: N/R | AG35: N/R | AH35: N/R | AI35: N/R | AJ35: N/R | AK35: N/R | AM35: N/R | AN35: N/R | AO35: N/R | AQ35: N/R
A36: =VLOOKUP(Q36,'Rotas x Madrugada'!A:C,2,0) -> NH | B36: =VLOOKUP(Q36,'Rotas x Madrugada'!A:C,3,0) -> Não | D36: =IF(E36>F36,E36,F36) -> 46155 | E36: =IF(A36="RETIRA",Z36,VLOOKUP(Q36,'Rotas x Madrugada'!A:D,4,0)) -> 46146 | F36: =IF(A36="RETIRA",Z36,Z36+2) -> 46155 | G36: =CONCATENATE(U36,"-",V36) -> ESI04-EF | H36: =IF(I36<-10,"PROBLEMA",IF(I36<J36,"URGENTE",IF(I36=J36,"PRODUZIR","OK"))) -> URGENTE | I36: =Z36-$B$1 -> -4 | J36: =VLOOKUP(G36,'D. Produção'!A:B,2,) -> 1 | K36: 334576 | L36: 0000-0003 | M36: 3 | N36: 5447782 | P36: CONSUMIDOR DIVIMAX HORTOLÂNDIA | Q36: 4H | R36: 1.8 | S36: 18 | T36: 1 | U36: ESI04 | V36: EF | W36: 900 | X36: 2000 | Y36: 46148.678 | Z36: 46153 | AE36: N/R | AF36: N/R | AG36: N/R | AH36: N/R | AI36: N/R | AJ36: N/R | AK36: N/R | AM36: N/R | AN36: N/R | AO36: N/R | AQ36: N/R
A37: =VLOOKUP(Q37,'Rotas x Madrugada'!A:C,2,0) -> NH | B37: =VLOOKUP(Q37,'Rotas x Madrugada'!A:C,3,0) -> Não | D37: =IF(E37>F37,E37,F37) -> 46155 | E37: =IF(A37="RETIRA",Z37,VLOOKUP(Q37,'Rotas x Madrugada'!A:D,4,0)) -> 46146 | F37: =IF(A37="RETIRA",Z37,Z37+2) -> 46155 | G37: =CONCATENATE(U37,"-",V37) -> ESI04-EF | H37: =IF(I37<-10,"PROBLEMA",IF(I37<J37,"URGENTE",IF(I37=J37,"PRODUZIR","OK"))) -> URGENTE | I37: =Z37-$B$1 -> -4 | J37: =VLOOKUP(G37,'D. Produção'!A:B,2,) -> 1 | K37: 334576 | L37: 0000-0004 | M37: 4 | N37: 5447783 | P37: CONSUMIDOR DIVIMAX HORTOLÂNDIA | Q37: 4H | R37: 1.8 | S37: 18 | T37: 1 | U37: ESI04 | V37: EF | W37: 900 | X37: 2000 | Y37: 46148.678 | Z37: 46153 | AE37: N/R | AF37: N/R | AG37: N/R | AH37: N/R | AI37: N/R | AJ37: N/R | AK37: N/R | AM37: N/R | AN37: N/R | AO37: N/R | AQ37: N/R
A38: =VLOOKUP(Q38,'Rotas x Madrugada'!A:C,2,0) -> NH | B38: =VLOOKUP(Q38,'Rotas x Madrugada'!A:C,3,0) -> Não | D38: =IF(E38>F38,E38,F38) -> 46155 | E38: =IF(A38="RETIRA",Z38,VLOOKUP(Q38,'Rotas x Madrugada'!A:D,4,0)) -> 46146 | F38: =IF(A38="RETIRA",Z38,Z38+2) -> 46155 | G38: =CONCATENATE(U38,"-",V38) -> ESI04-EF | H38: =IF(I38<-10,"PROBLEMA",IF(I38<J38,"URGENTE",IF(I38=J38,"PRODUZIR","OK"))) -> URGENTE | I38: =Z38-$B$1 -> -4 | J38: =VLOOKUP(G38,'D. Produção'!A:B,2,) -> 1 | K38: 334576 | L38: 0000-0005 | M38: 5 | N38: 5447784 | P38: CONSUMIDOR DIVIMAX HORTOLÂNDIA | Q38: 4H | R38: 1.8 | S38: 18 | T38: 1 | U38: ESI04 | V38: EF | W38: 900 | X38: 2000 | Y38: 46148.678 | Z38: 46153 | AE38: N/R | AF38: N/R | AG38: N/R | AH38: N/R | AI38: N/R | AJ38: N/R | AK38: N/R | AM38: N/R | AN38: N/R | AO38: N/R | AQ38: N/R
A39: =VLOOKUP(Q39,'Rotas x Madrugada'!A:C,2,0) -> NH | B39: =VLOOKUP(Q39,'Rotas x Madrugada'!A:C,3,0) -> Não | D39: =IF(E39>F39,E39,F39) -> 46155 | E39: =IF(A39="RETIRA",Z39,VLOOKUP(Q39,'Rotas x Madrugada'!A:D,4,0)) -> 46146 | F39: =IF(A39="RETIRA",Z39,Z39+2) -> 46155 | G39: =CONCATENATE(U39,"-",V39) -> ESI04-EE | H39: =IF(I39<-10,"PROBLEMA",IF(I39<J39,"URGENTE",IF(I39=J39,"PRODUZIR","OK"))) -> #N/A | I39: =Z39-$B$1 -> -4 | J39: =VLOOKUP(G39,'D. Produção'!A:B,2,) -> #N/A | K39: 334576 | L39: 0000-0006 | M39: 6 | N39: 5447785 | P39: CONSUMIDOR DIVIMAX HORTOLÂNDIA | Q39: 4H | R39: 1.375 | S39: 13.75 | T39: 1 | U39: ESI04 | V39: EE | W39: 1100 | X39: 1250 | Y39: 46148.678 | Z39: 46153 | AI39: N/R | AJ39: N/R | AK39: N/R | AM39: N/R | AN39: N/R | AO39: N/R | AQ39: N/R
A40: =VLOOKUP(Q40,'Rotas x Madrugada'!A:C,2,0) -> NH | B40: =VLOOKUP(Q40,'Rotas x Madrugada'!A:C,3,0) -> Não | D40: =IF(E40>F40,E40,F40) -> 46155 | E40: =IF(A40="RETIRA",Z40,VLOOKUP(Q40,'Rotas x Madrugada'!A:D,4,0)) -> 46146 | F40: =IF(A40="RETIRA",Z40,Z40+2) -> 46155 | G40: =CONCATENATE(U40,"-",V40) -> ESI04-EE | H40: =IF(I40<-10,"PROBLEMA",IF(I40<J40,"URGENTE",IF(I40=J40,"PRODUZIR","OK"))) -> #N/A | I40: =Z40-$B$1 -> -4 | J40: =VLOOKUP(G40,'D. Produção'!A:B,2,) -> #N/A | K40: 334576 | L40: 0000-0007 | M40: 7 | N40: 5447786 | P40: CONSUMIDOR DIVIMAX HORTOLÂNDIA | Q40: 4H | R40: 1.375 | S40: 13.75 | T40: 1 | U40: ESI04 | V40: EE | W40: 1100 | X40: 1250 | Y40: 46148.678 | Z40: 46153 | AI40: N/R | AJ40: N/R | AK40: N/R | AM40: N/R | AN40: N/R | AO40: N/R | AQ40: N/R
A41: =VLOOKUP(Q41,'Rotas x Madrugada'!A:C,2,0) -> NH | B41: =VLOOKUP(Q41,'Rotas x Madrugada'!A:C,3,0) -> Não | D41: =IF(E41>F41,E41,F41) -> 46155 | E41: =IF(A41="RETIRA",Z41,VLOOKUP(Q41,'Rotas x Madrugada'!A:D,4,0)) -> 46146 | F41: =IF(A41="RETIRA",Z41,Z41+2) -> 46155 | G41: =CONCATENATE(U41,"-",V41) -> ESI04-EFB | H41: =IF(I41<-10,"PROBLEMA",IF(I41<J41,"URGENTE",IF(I41=J41,"PRODUZIR","OK"))) -> URGENTE | I41: =Z41-$B$1 -> -4 | J41: =VLOOKUP(G41,'D. Produção'!A:B,2,) -> 1 | K41: 334576 | L41: 0000-0008 | M41: 8 | N41: 5447787 | P41: CONSUMIDOR DIVIMAX HORTOLÂNDIA | Q41: 4H | R41: 2.23 | S41: 22.3 | T41: 1 | U41: ESI04 | V41: EFB | W41: 2230 | X41: 1000 | Y41: 46148.678 | Z41: 46153 | AD41: N/R | AE41: N/R | AF41: N/R | AG41: N/R | AH41: N/R | AJ41: N/R | AK41: N/R | AM41: N/R | AN41: N/R | AO41: N/R | AQ41: N/R
A42: =VLOOKUP(Q42,'Rotas x Madrugada'!A:C,2,0) -> Retira | B42: =VLOOKUP(Q42,'Rotas x Madrugada'!A:C,3,0) -> Não | D42: =IF(E42>F42,E42,F42) -> 46153 | E42: =IF(A42="RETIRA",Z42,VLOOKUP(Q42,'Rotas x Madrugada'!A:D,4,0)) -> 46153 | F42: =IF(A42="RETIRA",Z42,Z42+2) -> 46153 | G42: =CONCATENATE(U42,"-",V42) -> ESI04-EE | H42: =IF(I42<-10,"PROBLEMA",IF(I42<J42,"URGENTE",IF(I42=J42,"PRODUZIR","OK"))) -> #N/A | I42: =Z42-$B$1 -> -4 | J42: =VLOOKUP(G42,'D. Produção'!A:B,2,) -> #N/A | K42: 334936 | L42: 0000-0001 | M42: 1 | N42: 5450182 | P42: WELLITON | R42: 1.7765 | S42: 17.765 | T42: 1 | U42: ESI04 | V42: EE | W42: 850 | X42: 2090 | Y42: 46149.706 | Z42: 46153 | AI42: N/R | AJ42: N/R | AK42: N/R | AM42: N/R | AN42: N/R | AO42: N/R | AQ42: N/R
A43: =VLOOKUP(Q43,'Rotas x Madrugada'!A:C,2,0) -> Retira | B43: =VLOOKUP(Q43,'Rotas x Madrugada'!A:C,3,0) -> Não | D43: =IF(E43>F43,E43,F43) -> 46153 | E43: =IF(A43="RETIRA",Z43,VLOOKUP(Q43,'Rotas x Madrugada'!A:D,4,0)) -> 46153 | F43: =IF(A43="RETIRA",Z43,Z43+2) -> 46153 | G43: =CONCATENATE(U43,"-",V43) -> ESI04-EF | H43: =IF(I43<-10,"PROBLEMA",IF(I43<J43,"URGENTE",IF(I43=J43,"PRODUZIR","OK"))) -> URGENTE | I43: =Z43-$B$1 -> -4 | J43: =VLOOKUP(G43,'D. Produção'!A:B,2,) -> 1 | K43: 335146 | L43: 0000-0001 | M43: 1 | N43: 5451297 | P43: DEMAD | R43: 0.88 | S43: 8.8 | T43: 1 | U43: ESI04 | V43: EF | W43: 550 | X43: 1600 | Y43: 46150.597 | Z43: 46153 | AE43: N/R | AF43: N/R | AG43: N/R | AH43: N/R | AI43: N/R | AJ43: N/R | AK43: N/R | AM43: N/R | AN43: N/R | AO43: N/R | AQ43: N/R | AR43: 46155.592
A44: =VLOOKUP(Q44,'Rotas x Madrugada'!A:C,2,0) -> Retira | B44: =VLOOKUP(Q44,'Rotas x Madrugada'!A:C,3,0) -> Não | D44: =IF(E44>F44,E44,F44) -> 46153 | E44: =IF(A44="RETIRA",Z44,VLOOKUP(Q44,'Rotas x Madrugada'!A:D,4,0)) -> 46153 | F44: =IF(A44="RETIRA",Z44,Z44+2) -> 46153 | G44: =CONCATENATE(U44,"-",V44) -> MBI03-CCNH | H44: =IF(I44<-10,"PROBLEMA",IF(I44<J44,"URGENTE",IF(I44=J44,"PRODUZIR","OK"))) -> #N/A | I44: =Z44-$B$1 -> -4 | J44: =VLOOKUP(G44,'D. Produção'!A:B,2,) -> #N/A | K44: 336792 | L44: 0000-0001 | M44: 1 | N44: 5462997 | P44: MARIA GILVANICE VIEIRA DE MATOS SANTOS | R44: 0.3099 | S44: 2.3242 | T44: 1 | U44: MBI03 | V44: CCNH | W44: 665 | X44: 466 | Y44: 46157.37 | Z44: 46153 | AC44: N/R | AD44: N/R | AE44: N/R | AF44: N/R | AG44: N/R | AH44: N/R | AI44: N/R | AJ44: N/R | AK44: N/R | AL44: N/R | AM44: N/R | AN44: N/R | AO44: N/R | AP44: N/R | AQ44: N/R
A45: =VLOOKUP(Q45,'Rotas x Madrugada'!A:C,2,0) -> L | B45: =VLOOKUP(Q45,'Rotas x Madrugada'!A:C,3,0) -> Não | D45: =IF(E45>F45,E45,F45) -> 46156 | E45: =IF(A45="RETIRA",Z45,VLOOKUP(Q45,'Rotas x Madrugada'!A:D,4,0)) -> 46149 | F45: =IF(A45="RETIRA",Z45,Z45+2) -> 46156 | G45: =CONCATENATE(U45,"-",V45) -> INC08-TF | H45: =IF(I45<-10,"PROBLEMA",IF(I45<J45,"URGENTE",IF(I45=J45,"PRODUZIR","OK"))) -> URGENTE | I45: =Z45-$B$1 -> -3 | J45: =VLOOKUP(G45,'D. Produção'!A:B,2,) -> 2 | K45: 329591 | L45: 0000-0004 | M45: 4 | N45: 5405577 | P45: MAV DO BRASIL | Q45: 5L | R45: 2.8869 | S45: 57.7373 | T45: 1 | U45: INC08 | V45: TF | W45: 1096 | X45: 2634 | Y45: 46126.584 | Z45: 46154 | AE45: N/R | AF45: N/R | AG45: N/R | AH45: N/R | AI45: N/R | AJ45: N/R | AK45: N/R | AN45: N/R | AO45: N/R | AP45: N/R | AQ45: N/R | AR45: 46157.355
A46: =VLOOKUP(Q46,'Rotas x Madrugada'!A:C,2,0) -> L | B46: =VLOOKUP(Q46,'Rotas x Madrugada'!A:C,3,0) -> Não | D46: =IF(E46>F46,E46,F46) -> 46156 | E46: =IF(A46="RETIRA",Z46,VLOOKUP(Q46,'Rotas x Madrugada'!A:D,4,0)) -> 46149 | F46: =IF(A46="RETIRA",Z46,Z46+2) -> 46156 | G46: =CONCATENATE(U46,"-",V46) -> LMLT06-PF | H46: =IF(I46<-10,"PROBLEMA",IF(I46<J46,"URGENTE",IF(I46=J46,"PRODUZIR","OK"))) -> URGENTE | I46: =Z46-$B$1 -> -3 | J46: =VLOOKUP(G46,'D. Produção'!A:B,2,) -> 4 | K46: 331496 | L46: 0000-0002 | M46: 2 | N46: 5424341 | P46: MAV DO BRASIL | Q46: 5L | R46: 0.3894 | S46: 5.8406 | T46: 1 | U46: LMLT06 | V46: PF | W46: 622 | X46: 626 | Y46: 46135.485 | Z46: 46154 | AD46: N/R | AE46: N/R | AF46: N/R | AG46: N/R | AH46: N/R | AI46: N/R | AJ46: N/R | AK46: N/R | AL46: N/R | AM46: N/R | AN46: N/R | AO46: N/R | AP46: N/R | AQ46: N/R
A47: =VLOOKUP(Q47,'Rotas x Madrugada'!A:C,2,0) -> L | B47: =VLOOKUP(Q47,'Rotas x Madrugada'!A:C,3,0) -> Não | D47: =IF(E47>F47,E47,F47) -> 46156 | E47: =IF(A47="RETIRA",Z47,VLOOKUP(Q47,'Rotas x Madrugada'!A:D,4,0)) -> 46149 | F47: =IF(A47="RETIRA",Z47,Z47+2) -> 46156 | G47: =CONCATENATE(U47,"-",V47) -> LMLT06-PF | H47: =IF(I47<-10,"PROBLEMA",IF(I47<J47,"URGENTE",IF(I47=J47,"PRODUZIR","OK"))) -> URGENTE | I47: =Z47-$B$1 -> -3 | J47: =VLOOKUP(G47,'D. Produção'!A:B,2,) -> 4 | K47: 331496 | L47: 0000-0003 | M47: 3 | N47: 5424342 | P47: MAV DO BRASIL | Q47: 5L | R47: 1.2896 | S47: 19.3435 | T47: 1 | U47: LMLT06 | V47: PF | W47: 912 | X47: 1414 | Y47: 46135.485 | Z47: 46154 | AD47: N/R | AE47: N/R | AF47: N/R | AG47: N/R | AH47: N/R | AI47: N/R | AJ47: N/R | AK47: N/R | AL47: N/R | AM47: N/R | AN47: N/R | AO47: N/R | AP47: N/R | AQ47: N/R
A48: =VLOOKUP(Q48,'Rotas x Madrugada'!A:C,2,0) -> L | B48: =VLOOKUP(Q48,'Rotas x Madrugada'!A:C,3,0) -> Não | D48: =IF(E48>F48,E48,F48) -> 46156 | E48: =IF(A48="RETIRA",Z48,VLOOKUP(Q48,'Rotas x Madrugada'!A:D,4,0)) -> 46149 | F48: =IF(A48="RETIRA",Z48,Z48+2) -> 46156 | G48: =CONCATENATE(U48,"-",V48) -> LMLT06-PF | H48: =IF(I48<-10,"PROBLEMA",IF(I48<J48,"URGENTE",IF(I48=J48,"PRODUZIR","OK"))) -> URGENTE | I48: =Z48-$B$1 -> -3 | J48: =VLOOKUP(G48,'D. Produção'!A:B,2,) -> 4 | K48: 331496 | L48: 0000-0004 | M48: 4 | N48: 5424343 | P48: MAV DO BRASIL | Q48: 5L | R48: 0.6677 | S48: 10.0152 | T48: 1 | U48: LMLT06 | V48: PF | W48: 1070 | X48: 624 | Y48: 46135.485 | Z48: 46154 | AD48: N/R | AE48: N/R | AF48: N/R | AG48: N/R | AH48: N/R | AI48: N/R | AJ48: N/R | AK48: N/R | AL48: N/R | AM48: N/R | AN48: N/R | AO48: N/R | AP48: N/R | AQ48: N/R
A49: =VLOOKUP(Q49,'Rotas x Madrugada'!A:C,2,0) -> L | B49: =VLOOKUP(Q49,'Rotas x Madrugada'!A:C,3,0) -> Não | D49: =IF(E49>F49,E49,F49) -> 46156 | E49: =IF(A49="RETIRA",Z49,VLOOKUP(Q49,'Rotas x Madrugada'!A:D,4,0)) -> 46149 | F49: =IF(A49="RETIRA",Z49,Z49+2) -> 46156 | G49: =CONCATENATE(U49,"-",V49) -> LMLT06-PF | H49: =IF(I49<-10,"PROBLEMA",IF(I49<J49,"URGENTE",IF(I49=J49,"PRODUZIR","OK"))) -> URGENTE | I49: =Z49-$B$1 -> -3 | J49: =VLOOKUP(G49,'D. Produção'!A:B,2,) -> 4 | K49: 331496 | L49: 0000-0005 | M49: 5 | N49: 5424344 | P49: MAV DO BRASIL | Q49: 5L | R49: 0.5161 | S49: 7.7416 | T49: 1 | U49: LMLT06 | V49: PF | W49: 422 | X49: 1223 | Y49: 46135.485 | Z49: 46154 | AD49: N/R | AE49: N/R | AF49: N/R | AG49: N/R | AH49: N/R | AI49: N/R | AJ49: N/R | AK49: N/R | AL49: N/R | AM49: N/R | AN49: N/R | AO49: N/R | AP49: N/R | AQ49: N/R
A50: =VLOOKUP(Q50,'Rotas x Madrugada'!A:C,2,0) -> L | B50: =VLOOKUP(Q50,'Rotas x Madrugada'!A:C,3,0) -> Não | D50: =IF(E50>F50,E50,F50) -> 46156 | E50: =IF(A50="RETIRA",Z50,VLOOKUP(Q50,'Rotas x Madrugada'!A:D,4,0)) -> 46149 | F50: =IF(A50="RETIRA",Z50,Z50+2) -> 46156 | G50: =CONCATENATE(U50,"-",V50) -> LMLT06-PF | H50: =IF(I50<-10,"PROBLEMA",IF(I50<J50,"URGENTE",IF(I50=J50,"PRODUZIR","OK"))) -> URGENTE | I50: =Z50-$B$1 -> -3 | J50: =VLOOKUP(G50,'D. Produção'!A:B,2,) -> 4 | K50: 331496 | L50: 0000-0006 | M50: 6 | N50: 5424345 | P50: MAV DO BRASIL | Q50: 5L | R50: 0.6438 | S50: 9.6568 | T50: 1 | U50: LMLT06 | V50: PF | W50: 771 | X50: 835 | Y50: 46135.485 | Z50: 46154 | AD50: N/R | AE50: N/R | AF50: N/R | AG50: N/R | AH50: N/R | AI50: N/R | AJ50: N/R | AK50: N/R | AL50: N/R | AM50: N/R | AN50: N/R | AO50: N/R | AP50: N/R | AQ50: N/R
A51: =VLOOKUP(Q51,'Rotas x Madrugada'!A:C,2,0) -> L | B51: =VLOOKUP(Q51,'Rotas x Madrugada'!A:C,3,0) -> Não | D51: =IF(E51>F51,E51,F51) -> 46156 | E51: =IF(A51="RETIRA",Z51,VLOOKUP(Q51,'Rotas x Madrugada'!A:D,4,0)) -> 46149 | F51: =IF(A51="RETIRA",Z51,Z51+2) -> 46156 | G51: =CONCATENATE(U51,"-",V51) -> LMLT06-PF | H51: =IF(I51<-10,"PROBLEMA",IF(I51<J51,"URGENTE",IF(I51=J51,"PRODUZIR","OK"))) -> URGENTE | I51: =Z51-$B$1 -> -3 | J51: =VLOOKUP(G51,'D. Produção'!A:B,2,) -> 4 | K51: 331496 | L51: 0000-0007 | M51: 7 | N51: 5424346 | P51: MAV DO BRASIL | Q51: 5L | R51: 0.9716 | S51: 14.5747 | T51: 1 | U51: LMLT06 | V51: PF | W51: 873 | X51: 1113 | Y51: 46135.485 | Z51: 46154 | AD51: N/R | AE51: N/R | AF51: N/R | AG51: N/R | AH51: N/R | AI51: N/R | AJ51: N/R | AK51: N/R | AL51: N/R | AM51: N/R | AN51: N/R | AO51: N/R | AP51: N/R | AQ51: N/R
A52: =VLOOKUP(Q52,'Rotas x Madrugada'!A:C,2,0) -> L | B52: =VLOOKUP(Q52,'Rotas x Madrugada'!A:C,3,0) -> Não | D52: =IF(E52>F52,E52,F52) -> 46156 | E52: =IF(A52="RETIRA",Z52,VLOOKUP(Q52,'Rotas x Madrugada'!A:D,4,0)) -> 46149 | F52: =IF(A52="RETIRA",Z52,Z52+2) -> 46156 | G52: =CONCATENATE(U52,"-",V52) -> LMLT06-PF | H52: =IF(I52<-10,"PROBLEMA",IF(I52<J52,"URGENTE",IF(I52=J52,"PRODUZIR","OK"))) -> URGENTE | I52: =Z52-$B$1 -> -3 | J52: =VLOOKUP(G52,'D. Produção'!A:B,2,) -> 4 | K52: 331496 | L52: 0000-0008 | M52: 8 | N52: 5424347 | P52: MAV DO BRASIL | Q52: 5L | R52: 0.6847 | S52: 10.2705 | T52: 1 | U52: LMLT06 | V52: PF | W52: 820 | X52: 835 | Y52: 46135.485 | Z52: 46154 | AD52: N/R | AE52: N/R | AF52: N/R | AG52: N/R | AH52: N/R | AI52: N/R | AJ52: N/R | AK52: N/R | AL52: N/R | AM52: N/R | AN52: N/R | AO52: N/R | AP52: N/R | AQ52: N/R
A53: =VLOOKUP(Q53,'Rotas x Madrugada'!A:C,2,0) -> L | B53: =VLOOKUP(Q53,'Rotas x Madrugada'!A:C,3,0) -> Não | D53: =IF(E53>F53,E53,F53) -> 46156 | E53: =IF(A53="RETIRA",Z53,VLOOKUP(Q53,'Rotas x Madrugada'!A:D,4,0)) -> 46149 | F53: =IF(A53="RETIRA",Z53,Z53+2) -> 46156 | G53: =CONCATENATE(U53,"-",V53) -> LMLT06-PF | H53: =IF(I53<-10,"PROBLEMA",IF(I53<J53,"URGENTE",IF(I53=J53,"PRODUZIR","OK"))) -> URGENTE | I53: =Z53-$B$1 -> -3 | J53: =VLOOKUP(G53,'D. Produção'!A:B,2,) -> 4 | K53: 331496 | L53: 0000-0009 | M53: 9 | N53: 5424348 | P53: MAV DO BRASIL | Q53: 5L | R53: 0.8381 | S53: 12.5715 | T53: 1 | U53: LMLT06 | V53: PF | W53: 922 | X53: 909 | Y53: 46135.485 | Z53: 46154 | AD53: N/R | AE53: N/R | AF53: N/R | AG53: N/R | AH53: N/R | AI53: N/R | AJ53: N/R | AK53: N/R | AL53: N/R | AM53: N/R | AN53: N/R | AO53: N/R | AP53: N/R | AQ53: N/R
A54: =VLOOKUP(Q54,'Rotas x Madrugada'!A:C,2,0) -> L | B54: =VLOOKUP(Q54,'Rotas x Madrugada'!A:C,3,0) -> Não | D54: =IF(E54>F54,E54,F54) -> 46156 | E54: =IF(A54="RETIRA",Z54,VLOOKUP(Q54,'Rotas x Madrugada'!A:D,4,0)) -> 46149 | F54: =IF(A54="RETIRA",Z54,Z54+2) -> 46156 | G54: =CONCATENATE(U54,"-",V54) -> LMLT06-PF | H54: =IF(I54<-10,"PROBLEMA",IF(I54<J54,"URGENTE",IF(I54=J54,"PRODUZIR","OK"))) -> URGENTE | I54: =Z54-$B$1 -> -3 | J54: =VLOOKUP(G54,'D. Produção'!A:B,2,) -> 4 | K54: 331498 | L54: 0000-0001 | M54: 1 | N54: 5424353 | P54: MAV DO BRASIL | Q54: 5L | R54: 1.432 | S54: 21.4804 | T54: 1 | U54: LMLT06 | V54: PF | W54: 1169 | X54: 1225 | Y54: 46135.485 | Z54: 46154 | AD54: N/R | AE54: N/R | AF54: N/R | AG54: N/R | AH54: N/R | AI54: N/R | AJ54: N/R | AK54: N/R | AL54: N/R | AM54: N/R | AN54: N/R | AO54: N/R | AP54: N/R | AQ54: N/R
A55: =VLOOKUP(Q55,'Rotas x Madrugada'!A:C,2,0) -> L | B55: =VLOOKUP(Q55,'Rotas x Madrugada'!A:C,3,0) -> Não | D55: =IF(E55>F55,E55,F55) -> 46156 | E55: =IF(A55="RETIRA",Z55,VLOOKUP(Q55,'Rotas x Madrugada'!A:D,4,0)) -> 46149 | F55: =IF(A55="RETIRA",Z55,Z55+2) -> 46156 | G55: =CONCATENATE(U55,"-",V55) -> LMLT06-PF | H55: =IF(I55<-10,"PROBLEMA",IF(I55<J55,"URGENTE",IF(I55=J55,"PRODUZIR","OK"))) -> URGENTE | I55: =Z55-$B$1 -> -3 | J55: =VLOOKUP(G55,'D. Produção'!A:B,2,) -> 4 | K55: 331498 | L55: 0000-0002 | M55: 2 | N55: 5424354 | P55: MAV DO BRASIL | Q55: 5L | R55: 1.2181 | S55: 18.2716 | T55: 1 | U55: LMLT06 | V55: PF | W55: 996 | X55: 1223 | Y55: 46135.485 | Z55: 46154 | AD55: N/R | AE55: N/R | AF55: N/R | AG55: N/R | AH55: N/R | AI55: N/R | AJ55: N/R | AK55: N/R | AL55: N/R | AM55: N/R | AN55: N/R | AO55: N/R | AP55: N/R | AQ55: N/R
A56: =VLOOKUP(Q56,'Rotas x Madrugada'!A:C,2,0) -> L | B56: =VLOOKUP(Q56,'Rotas x Madrugada'!A:C,3,0) -> Não | D56: =IF(E56>F56,E56,F56) -> 46156 | E56: =IF(A56="RETIRA",Z56,VLOOKUP(Q56,'Rotas x Madrugada'!A:D,4,0)) -> 46149 | F56: =IF(A56="RETIRA",Z56,Z56+2) -> 46156 | G56: =CONCATENATE(U56,"-",V56) -> LMLT06-PF | H56: =IF(I56<-10,"PROBLEMA",IF(I56<J56,"URGENTE",IF(I56=J56,"PRODUZIR","OK"))) -> URGENTE | I56: =Z56-$B$1 -> -3 | J56: =VLOOKUP(G56,'D. Produção'!A:B,2,) -> 4 | K56: 331498 | L56: 0000-0003 | M56: 3 | N56: 5424355 | P56: MAV DO BRASIL | Q56: 5L | R56: 1.2228 | S56: 18.3416 | T56: 1 | U56: LMLT06 | V56: PF | W56: 999 | X56: 1224 | Y56: 46135.485 | Z56: 46154 | AD56: N/R | AE56: N/R | AF56: N/R | AG56: N/R | AH56: N/R | AI56: N/R | AJ56: N/R | AK56: N/R | AL56: N/R | AM56: N/R | AN56: N/R | AO56: N/R | AP56: N/R | AQ56: N/R
A57: =VLOOKUP(Q57,'Rotas x Madrugada'!A:C,2,0) -> L | B57: =VLOOKUP(Q57,'Rotas x Madrugada'!A:C,3,0) -> Não | D57: =IF(E57>F57,E57,F57) -> 46156 | E57: =IF(A57="RETIRA",Z57,VLOOKUP(Q57,'Rotas x Madrugada'!A:D,4,0)) -> 46149 | F57: =IF(A57="RETIRA",Z57,Z57+2) -> 46156 | G57: =CONCATENATE(U57,"-",V57) -> LMLT06-PF | H57: =IF(I57<-10,"PROBLEMA",IF(I57<J57,"URGENTE",IF(I57=J57,"PRODUZIR","OK"))) -> URGENTE | I57: =Z57-$B$1 -> -3 | J57: =VLOOKUP(G57,'D. Produção'!A:B,2,) -> 4 | K57: 331498 | L57: 0000-0004 | M57: 4 | N57: 5424356 | P57: MAV DO BRASIL | Q57: 5L | R57: 0.5121 | S57: 7.6816 | T57: 1 | U57: LMLT06 | V57: PF | W57: 822 | X57: 623 | Y57: 46135.485 | Z57: 46154 | AD57: N/R | AE57: N/R | AF57: N/R | AG57: N/R | AH57: N/R | AI57: N/R | AJ57: N/R | AK57: N/R | AL57: N/R | AM57: N/R | AN57: N/R | AO57: N/R | AP57: N/R | AQ57: N/R
A58: =VLOOKUP(Q58,'Rotas x Madrugada'!A:C,2,0) -> Retira | B58: =VLOOKUP(Q58,'Rotas x Madrugada'!A:C,3,0) -> Não | D58: =IF(E58>F58,E58,F58) -> 46154 | E58: =IF(A58="RETIRA",Z58,VLOOKUP(Q58,'Rotas x Madrugada'!A:D,4,0)) -> 46154 | F58: =IF(A58="RETIRA",Z58,Z58+2) -> 46154 | G58: =CONCATENATE(U58,"-",V58) -> FUM08-TF | H58: =IF(I58<-10,"PROBLEMA",IF(I58<J58,"URGENTE",IF(I58=J58,"PRODUZIR","OK"))) -> URGENTE | I58: =Z58-$B$1 -> -3 | J58: =VLOOKUP(G58,'D. Produção'!A:B,2,) -> 2 | K58: 334165 | L58: 0001-0001 | M58: 1 | N58: 5444594 | P58: JOSE FERNANDO LOPES | R58: 1.058 | S58: 21.16 | T58: 1 | U58: FUM08 | V58: TF | W58: 575 | X58: 1840 | Y58: 46147.616 | Z58: 46154 | AE58: N/R | AF58: N/R | AG58: N/R | AH58: N/R | AI58: N/R | AJ58: N/R | AK58: N/R | AN58: N/R | AO58: N/R | AP58: N/R | AQ58: N/R
A59: =VLOOKUP(Q59,'Rotas x Madrugada'!A:C,2,0) -> NC | B59: =VLOOKUP(Q59,'Rotas x Madrugada'!A:C,3,0) -> Não | D59: =IF(E59>F59,E59,F59) -> 46156 | E59: =IF(A59="RETIRA",Z59,VLOOKUP(Q59,'Rotas x Madrugada'!A:D,4,0)) -> 46146 | F59: =IF(A59="RETIRA",Z59,Z59+2) -> 46156 | G59: =CONCATENATE(U59,"-",V59) -> INC08-TF | H59: =IF(I59<-10,"PROBLEMA",IF(I59<J59,"URGENTE",IF(I59=J59,"PRODUZIR","OK"))) -> URGENTE | I59: =Z59-$B$1 -> -3 | J59: =VLOOKUP(G59,'D. Produção'!A:B,2,) -> 2 | K59: 334455 | L59: 0000-0009 | M59: 9 | N59: 5446898 | P59: CONSUMIDOR DIVIMAX CAMPINAS | Q59: 4C | R59: 0.342 | S59: 6.84 | T59: 1 | U59: INC08 | V59: TF | W59: 180 | X59: 1900 | Y59: 46148.486 | Z59: 46154 | AE59: N/R | AF59: N/R | AG59: N/R | AH59: N/R | AI59: N/R | AJ59: N/R | AK59: N/R | AN59: N/R | AO59: N/R | AP59: N/R | AQ59: N/R
A60: =VLOOKUP(Q60,'Rotas x Madrugada'!A:C,2,0) -> NC | B60: =VLOOKUP(Q60,'Rotas x Madrugada'!A:C,3,0) -> Não | D60: =IF(E60>F60,E60,F60) -> 46156 | E60: =IF(A60="RETIRA",Z60,VLOOKUP(Q60,'Rotas x Madrugada'!A:D,4,0)) -> 46146 | F60: =IF(A60="RETIRA",Z60,Z60+2) -> 46156 | G60: =CONCATENATE(U60,"-",V60) -> INC08-TF | H60: =IF(I60<-10,"PROBLEMA",IF(I60<J60,"URGENTE",IF(I60=J60,"PRODUZIR","OK"))) -> URGENTE | I60: =Z60-$B$1 -> -3 | J60: =VLOOKUP(G60,'D. Produção'!A:B,2,) -> 2 | K60: 334456 | L60: 0000-0003 | M60: 3 | N60: 5446902 | P60: VID DELTA | Q60: 4C | R60: 0.9432 | S60: 18.865 | T60: 1 | U60: INC08 | V60: TF | W60: 770 | X60: 1225 | Y60: 46148.486 | Z60: 46154 | AE60: N/R | AF60: N/R | AG60: N/R | AH60: N/R | AI60: N/R | AJ60: N/R | AK60: N/R | AN60: N/R | AO60: N/R | AP60: N/R | AQ60: N/R | AR60: 46157.367
A61: =VLOOKUP(Q61,'Rotas x Madrugada'!A:C,2,0) -> NC | B61: =VLOOKUP(Q61,'Rotas x Madrugada'!A:C,3,0) -> Não | D61: =IF(E61>F61,E61,F61) -> 46156 | E61: =IF(A61="RETIRA",Z61,VLOOKUP(Q61,'Rotas x Madrugada'!A:D,4,0)) -> 46146 | F61: =IF(A61="RETIRA",Z61,Z61+2) -> 46156 | G61: =CONCATENATE(U61,"-",V61) -> INC08-TF | H61: =IF(I61<-10,"PROBLEMA",IF(I61<J61,"URGENTE",IF(I61=J61,"PRODUZIR","OK"))) -> URGENTE | I61: =Z61-$B$1 -> -3 | J61: =VLOOKUP(G61,'D. Produção'!A:B,2,) -> 2 | K61: 334456 | L61: 0000-0004 | M61: 4 | N61: 5446903 | P61: VID DELTA | Q61: 4C | R61: 0.9432 | S61: 18.865 | T61: 1 | U61: INC08 | V61: TF | W61: 770 | X61: 1225 | Y61: 46148.486 | Z61: 46154 | AE61: N/R | AF61: N/R | AG61: N/R | AH61: N/R | AI61: N/R | AJ61: N/R | AK61: N/R | AN61: N/R | AO61: N/R | AP61: N/R | AQ61: N/R | AR61: 46157.369
A62: =VLOOKUP(Q62,'Rotas x Madrugada'!A:C,2,0) -> NC | B62: =VLOOKUP(Q62,'Rotas x Madrugada'!A:C,3,0) -> Não | D62: =IF(E62>F62,E62,F62) -> 46156 | E62: =IF(A62="RETIRA",Z62,VLOOKUP(Q62,'Rotas x Madrugada'!A:D,4,0)) -> 46146 | F62: =IF(A62="RETIRA",Z62,Z62+2) -> 46156 | G62: =CONCATENATE(U62,"-",V62) -> INC08-TF | H62: =IF(I62<-10,"PROBLEMA",IF(I62<J62,"URGENTE",IF(I62=J62,"PRODUZIR","OK"))) -> URGENTE | I62: =Z62-$B$1 -> -3 | J62: =VLOOKUP(G62,'D. Produção'!A:B,2,) -> 2 | K62: 334456 | L62: 0000-0006 | M62: 6 | N62: 5446905 | P62: VID DELTA | Q62: 4C | R62: 0.9779 | S62: 19.558 | T62: 1 | U62: INC08 | V62: TF | W62: 770 | X62: 1270 | Y62: 46148.486 | Z62: 46154 | AE62: N/R | AF62: N/R | AG62: N/R | AH62: N/R | AI62: N/R | AJ62: N/R | AK62: N/R | AN62: N/R | AO62: N/R | AP62: N/R | AQ62: N/R | AR62: 46157.365
A63: =VLOOKUP(Q63,'Rotas x Madrugada'!A:C,2,0) -> NA | B63: =VLOOKUP(Q63,'Rotas x Madrugada'!A:C,3,0) -> Não | D63: =IF(E63>F63,E63,F63) -> 46156 | E63: =IF(A63="RETIRA",Z63,VLOOKUP(Q63,'Rotas x Madrugada'!A:D,4,0)) -> 46146 | F63: =IF(A63="RETIRA",Z63,Z63+2) -> 46156 | G63: =CONCATENATE(U63,"-",V63) -> INC06-TF | H63: =IF(I63<-10,"PROBLEMA",IF(I63<J63,"URGENTE",IF(I63=J63,"PRODUZIR","OK"))) -> URGENTE | I63: =Z63-$B$1 -> -3 | J63: =VLOOKUP(G63,'D. Produção'!A:B,2,) -> 2 | K63: 334493 | L63: 0000-0005 | M63: 5 | N63: 5447303 | P63: DECDECOR ESQ, REVESTIMENTOS & DECORACOES | Q63: 4A | R63: 0.2886 | S63: 4.3286 | T63: 1 | U63: INC06 | V63: TF | W63: 286 | X63: 1009 | Y63: 46148.585 | Z63: 46154 | AE63: N/R | AF63: N/R | AG63: N/R | AH63: N/R | AI63: N/R | AJ63: N/R | AK63: N/R | AN63: N/R | AO63: N/R | AP63: N/R | AQ63: N/R
A64: =VLOOKUP(Q64,'Rotas x Madrugada'!A:C,2,0) -> NA | B64: =VLOOKUP(Q64,'Rotas x Madrugada'!A:C,3,0) -> Não | D64: =IF(E64>F64,E64,F64) -> 46156 | E64: =IF(A64="RETIRA",Z64,VLOOKUP(Q64,'Rotas x Madrugada'!A:D,4,0)) -> 46146 | F64: =IF(A64="RETIRA",Z64,Z64+2) -> 46156 | G64: =CONCATENATE(U64,"-",V64) -> INC06-TF | H64: =IF(I64<-10,"PROBLEMA",IF(I64<J64,"URGENTE",IF(I64=J64,"PRODUZIR","OK"))) -> URGENTE | I64: =Z64-$B$1 -> -3 | J64: =VLOOKUP(G64,'D. Produção'!A:B,2,) -> 2 | K64: 334581 | L64: 0000-0001 | M64: 1 | N64: 5447799 | P64: DUANI AP FERREIRA ARAUJO | Q64: 4A | R64: 0.2829 | S64: 4.2435 | T64: 1 | U64: INC06 | V64: TF | W64: 943 | X64: 300 | Y64: 46148.679 | Z64: 46154 | AE64: N/R | AF64: N/R | AG64: N/R | AH64: N/R | AI64: N/R | AJ64: N/R | AK64: N/R | AN64: N/R | AO64: N/R | AP64: N/R | AQ64: N/R
A65: =VLOOKUP(Q65,'Rotas x Madrugada'!A:C,2,0) -> NA | B65: =VLOOKUP(Q65,'Rotas x Madrugada'!A:C,3,0) -> Não | D65: =IF(E65>F65,E65,F65) -> 46156 | E65: =IF(A65="RETIRA",Z65,VLOOKUP(Q65,'Rotas x Madrugada'!A:D,4,0)) -> 46146 | F65: =IF(A65="RETIRA",Z65,Z65+2) -> 46156 | G65: =CONCATENATE(U65,"-",V65) -> ESI04-EFK | H65: =IF(I65<-10,"PROBLEMA",IF(I65<J65,"URGENTE",IF(I65=J65,"PRODUZIR","OK"))) -> #N/A | I65: =Z65-$B$1 -> -3 | J65: =VLOOKUP(G65,'D. Produção'!A:B,2,) -> #N/A | K65: 334924 | L65: 0000-0001 | M65: 1 | N65: 5450146 | P65: LEAO VIDROS E ESQ DE ALUM | Q65: 4A | R65: 1.675 | S65: 16.75 | T65: 1 | U65: ESI04 | V65: EFK | W65: 1340 | X65: 1250 | Y65: 46149.705 | Z65: 46154 | AE65: N/R | AF65: N/R | AG65: N/R | AH65: N/R | AI65: N/R | AJ65: N/R | AK65: N/R | AM65: N/R | AO65: N/R | AQ65: N/R
A66: =VLOOKUP(Q66,'Rotas x Madrugada'!A:C,2,0) -> Retira | B66: =VLOOKUP(Q66,'Rotas x Madrugada'!A:C,3,0) -> Não | D66: =IF(E66>F66,E66,F66) -> 46154 | E66: =IF(A66="RETIRA",Z66,VLOOKUP(Q66,'Rotas x Madrugada'!A:D,4,0)) -> 46154 | F66: =IF(A66="RETIRA",Z66,Z66+2) -> 46154 | G66: =CONCATENATE(U66,"-",V66) -> ESI04-EF | H66: =IF(I66<-10,"PROBLEMA",IF(I66<J66,"URGENTE",IF(I66=J66,"PRODUZIR","OK"))) -> URGENTE | I66: =Z66-$B$1 -> -3 | J66: =VLOOKUP(G66,'D. Produção'!A:B,2,) -> 1 | K66: 335558 | L66: 0000-0001 | M66: 1 | N66: 5453415 | P66: LETICIA OLIVEIRA | R66: 3.3966 | S66: 33.966 | T66: 1 | U66: ESI04 | V66: EF | W66: 1800 | X66: 1887 | Y66: 46153.486 | Z66: 46154 | AE66: N/R | AF66: N/R | AG66: N/R | AH66: N/R | AI66: N/R | AJ66: N/R | AK66: N/R | AM66: N/R | AN66: N/R | AO66: N/R | AQ66: N/R
A67: =VLOOKUP(Q67,'Rotas x Madrugada'!A:C,2,0) -> Retira | B67: =VLOOKUP(Q67,'Rotas x Madrugada'!A:C,3,0) -> Não | D67: =IF(E67>F67,E67,F67) -> 46154 | E67: =IF(A67="RETIRA",Z67,VLOOKUP(Q67,'Rotas x Madrugada'!A:D,4,0)) -> 46154 | F67: =IF(A67="RETIRA",Z67,Z67+2) -> 46154 | G67: =CONCATENATE(U67,"-",V67) -> ESI04-EF | H67: =IF(I67<-10,"PROBLEMA",IF(I67<J67,"URGENTE",IF(I67=J67,"PRODUZIR","OK"))) -> URGENTE | I67: =Z67-$B$1 -> -3 | J67: =VLOOKUP(G67,'D. Produção'!A:B,2,) -> 1 | K67: 335558 | L67: 0000-0002 | M67: 2 | N67: 5453416 | P67: LETICIA OLIVEIRA | R67: 0.8051 | S67: 8.0514 | T67: 1 | U67: ESI04 | V67: EF | W67: 994 | X67: 810 | Y67: 46153.486 | Z67: 46154 | AE67: N/R | AF67: N/R | AG67: N/R | AH67: N/R | AI67: N/R | AJ67: N/R | AK67: N/R | AM67: N/R | AN67: N/R | AO67: N/R | AQ67: N/R
A68: =VLOOKUP(Q68,'Rotas x Madrugada'!A:C,2,0) -> Retira | B68: =VLOOKUP(Q68,'Rotas x Madrugada'!A:C,3,0) -> Não | D68: =IF(E68>F68,E68,F68) -> 46154 | E68: =IF(A68="RETIRA",Z68,VLOOKUP(Q68,'Rotas x Madrugada'!A:D,4,0)) -> 46154 | F68: =IF(A68="RETIRA",Z68,Z68+2) -> 46154 | G68: =CONCATENATE(U68,"-",V68) -> ESI04-EF | H68: =IF(I68<-10,"PROBLEMA",IF(I68<J68,"URGENTE",IF(I68=J68,"PRODUZIR","OK"))) -> URGENTE | I68: =Z68-$B$1 -> -3 | J68: =VLOOKUP(G68,'D. Produção'!A:B,2,) -> 1 | K68: 335558 | L68: 0000-0003 | M68: 3 | N68: 5453417 | P68: LETICIA OLIVEIRA | R68: 0.6917 | S68: 6.9174 | T68: 1 | U68: ESI04 | V68: EF | W68: 854 | X68: 810 | Y68: 46153.486 | Z68: 46154 | AE68: N/R | AF68: N/R | AG68: N/R | AH68: N/R | AI68: N/R | AJ68: N/R | AK68: N/R | AM68: N/R | AN68: N/R | AO68: N/R | AQ68: N/R
A69: =VLOOKUP(Q69,'Rotas x Madrugada'!A:C,2,0) -> Retira | B69: =VLOOKUP(Q69,'Rotas x Madrugada'!A:C,3,0) -> Não | D69: =IF(E69>F69,E69,F69) -> 46154 | E69: =IF(A69="RETIRA",Z69,VLOOKUP(Q69,'Rotas x Madrugada'!A:D,4,0)) -> 46154 | F69: =IF(A69="RETIRA",Z69,Z69+2) -> 46154 | G69: =CONCATENATE(U69,"-",V69) -> ESI04-EF | H69: =IF(I69<-10,"PROBLEMA",IF(I69<J69,"URGENTE",IF(I69=J69,"PRODUZIR","OK"))) -> URGENTE | I69: =Z69-$B$1 -> -3 | J69: =VLOOKUP(G69,'D. Produção'!A:B,2,) -> 1 | K69: 335559 | L69: 0000-0001 | M69: 1 | N69: 5453418 | P69: LETICIA OLIVEIRA | R69: 0.885 | S69: 8.85 | T69: 1 | U69: ESI04 | V69: EF | W69: 1000 | X69: 885 | Y69: 46153.486 | Z69: 46154 | AE69: N/R | AF69: N/R | AG69: N/R | AH69: N/R | AI69: N/R | AJ69: N/R | AK69: N/R | AM69: N/R | AN69: N/R | AO69: N/R | AQ69: N/R
A70: =VLOOKUP(Q70,'Rotas x Madrugada'!A:C,2,0) -> Retira | B70: =VLOOKUP(Q70,'Rotas x Madrugada'!A:C,3,0) -> Não | D70: =IF(E70>F70,E70,F70) -> 46154 | E70: =IF(A70="RETIRA",Z70,VLOOKUP(Q70,'Rotas x Madrugada'!A:D,4,0)) -> 46154 | F70: =IF(A70="RETIRA",Z70,Z70+2) -> 46154 | G70: =CONCATENATE(U70,"-",V70) -> ESI04-EF | H70: =IF(I70<-10,"PROBLEMA",IF(I70<J70,"URGENTE",IF(I70=J70,"PRODUZIR","OK"))) -> URGENTE | I70: =Z70-$B$1 -> -3 | J70: =VLOOKUP(G70,'D. Produção'!A:B,2,) -> 1 | K70: 335666 | L70: 0000-0001 | M70: 1 | N70: 5454268 | P70: CONSUMIDOR VICTOR | R70: 1.4705 | S70: 14.705 | T70: 1 | U70: ESI04 | V70: EF | W70: 1730 | X70: 850 | Y70: 46153.746 | Z70: 46154 | AE70: N/R | AF70: N/R | AG70: N/R | AH70: N/R | AI70: N/R | AJ70: N/R | AK70: N/R | AM70: N/R | AN70: N/R | AO70: N/R | AQ70: N/R
A71: =VLOOKUP(Q71,'Rotas x Madrugada'!A:C,2,0) -> Q | B71: =VLOOKUP(Q71,'Rotas x Madrugada'!A:C,3,0) -> Não | D71: =IF(E71>F71,E71,F71) -> 46157 | E71: =IF(A71="RETIRA",Z71,VLOOKUP(Q71,'Rotas x Madrugada'!A:D,4,0)) -> 46150 | F71: =IF(A71="RETIRA",Z71,Z71+2) -> 46157 | G71: =CONCATENATE(U71,"-",V71) -> LMINC08-PF | H71: =IF(I71<-10,"PROBLEMA",IF(I71<J71,"URGENTE",IF(I71=J71,"PRODUZIR","OK"))) -> URGENTE | I71: =Z71-$B$1 -> -2 | J71: =VLOOKUP(G71,'D. Produção'!A:B,2,) -> 4 | K71: 331292 | L71: 0000-0003 | M71: 3 | N71: 5422833 | P71: TEM ALUM | Q71: 1Q | R71: 2.0766 | S71: 41.5325 | T71: 1 | U71: LMINC08 | V71: PF | W71: 766 | X71: 2711 | Y71: 46142.65 | Z71: 46155 | AD71: N/R | AE71: N/R | AF71: N/R | AG71: N/R | AH71: N/R | AI71: N/R | AJ71: N/R | AK71: N/R | AL71: N/R | AM71: N/R | AN71: N/R | AO71: N/R | AP71: N/R | AQ71: N/R
A72: =VLOOKUP(Q72,'Rotas x Madrugada'!A:C,2,0) -> Q | B72: =VLOOKUP(Q72,'Rotas x Madrugada'!A:C,3,0) -> Não | D72: =IF(E72>F72,E72,F72) -> 46157 | E72: =IF(A72="RETIRA",Z72,VLOOKUP(Q72,'Rotas x Madrugada'!A:D,4,0)) -> 46150 | F72: =IF(A72="RETIRA",Z72,Z72+2) -> 46157 | G72: =CONCATENATE(U72,"-",V72) -> LMINC08-PF | H72: =IF(I72<-10,"PROBLEMA",IF(I72<J72,"URGENTE",IF(I72=J72,"PRODUZIR","OK"))) -> URGENTE | I72: =Z72-$B$1 -> -2 | J72: =VLOOKUP(G72,'D. Produção'!A:B,2,) -> 4 | K72: 331292 | L72: 0000-0004 | M72: 4 | N72: 5422834 | P72: TEM ALUM | Q72: 1Q | R72: 2.0766 | S72: 41.5325 | T72: 1 | U72: LMINC08 | V72: PF | W72: 766 | X72: 2711 | Y72: 46142.65 | Z72: 46155 | AD72: N/R | AE72: N/R | AF72: N/R | AG72: N/R | AH72: N/R | AI72: N/R | AJ72: N/R | AK72: N/R | AL72: N/R | AM72: N/R | AN72: N/R | AO72: N/R | AP72: N/R | AQ72: N/R
A73: =VLOOKUP(Q73,'Rotas x Madrugada'!A:C,2,0) -> J | B73: =VLOOKUP(Q73,'Rotas x Madrugada'!A:C,3,0) -> Sim | D73: =IF(E73>F73,E73,F73) -> 46157 | E73: =IF(A73="RETIRA",Z73,VLOOKUP(Q73,'Rotas x Madrugada'!A:D,4,0)) -> 46146 | F73: =IF(A73="RETIRA",Z73,Z73+2) -> 46157 | G73: =CONCATENATE(U73,"-",V73) -> LMLT06-PF | H73: =IF(I73<-10,"PROBLEMA",IF(I73<J73,"URGENTE",IF(I73=J73,"PRODUZIR","OK"))) -> URGENTE | I73: =Z73-$B$1 -> -2 | J73: =VLOOKUP(G73,'D. Produção'!A:B,2,) -> 4 | K73: 332602 | L73: 0000-0001 | M73: 1 | N73: 5434106 | P73: ESQUADRIUM ESQ E VIDROS | Q73: 9J | R73: 1.7392 | S73: 26.0888 | T73: 1 | U73: LMLT06 | V73: PF | W73: 750 | X73: 2319 | Y73: 46140.554 | Z73: 46155 | AD73: N/R | AE73: N/R | AF73: N/R | AG73: N/R | AH73: N/R | AI73: N/R | AJ73: N/R | AK73: N/R | AL73: N/R | AM73: N/R | AN73: N/R | AO73: N/R | AP73: N/R | AQ73: N/R
A74: =VLOOKUP(Q74,'Rotas x Madrugada'!A:C,2,0) -> J | B74: =VLOOKUP(Q74,'Rotas x Madrugada'!A:C,3,0) -> Sim | D74: =IF(E74>F74,E74,F74) -> 46157 | E74: =IF(A74="RETIRA",Z74,VLOOKUP(Q74,'Rotas x Madrugada'!A:D,4,0)) -> 46146 | F74: =IF(A74="RETIRA",Z74,Z74+2) -> 46157 | G74: =CONCATENATE(U74,"-",V74) -> LMLT06-PF | H74: =IF(I74<-10,"PROBLEMA",IF(I74<J74,"URGENTE",IF(I74=J74,"PRODUZIR","OK"))) -> URGENTE | I74: =Z74-$B$1 -> -2 | J74: =VLOOKUP(G74,'D. Produção'!A:B,2,) -> 4 | K74: 332602 | L74: 0000-0002 | M74: 2 | N74: 5434107 | P74: ESQUADRIUM ESQ E VIDROS | Q74: 9J | R74: 1.3003 | S74: 19.5043 | T74: 1 | U74: LMLT06 | V74: PF | W74: 684 | X74: 1901 | Y74: 46140.554 | Z74: 46155 | AD74: N/R | AE74: N/R | AF74: N/R | AG74: N/R | AH74: N/R | AI74: N/R | AJ74: N/R | AK74: N/R | AL74: N/R | AM74: N/R | AN74: N/R | AO74: N/R | AP74: N/R | AQ74: N/R
A75: =VLOOKUP(Q75,'Rotas x Madrugada'!A:C,2,0) -> J | B75: =VLOOKUP(Q75,'Rotas x Madrugada'!A:C,3,0) -> Sim | D75: =IF(E75>F75,E75,F75) -> 46157 | E75: =IF(A75="RETIRA",Z75,VLOOKUP(Q75,'Rotas x Madrugada'!A:D,4,0)) -> 46146 | F75: =IF(A75="RETIRA",Z75,Z75+2) -> 46157 | G75: =CONCATENATE(U75,"-",V75) -> LMLT06-PF | H75: =IF(I75<-10,"PROBLEMA",IF(I75<J75,"URGENTE",IF(I75=J75,"PRODUZIR","OK"))) -> URGENTE | I75: =Z75-$B$1 -> -2 | J75: =VLOOKUP(G75,'D. Produção'!A:B,2,) -> 4 | K75: 332602 | L75: 0000-0003 | M75: 3 | N75: 5434108 | P75: ESQUADRIUM ESQ E VIDROS | Q75: 9J | R75: 1.4982 | S75: 22.4734 | T75: 1 | U75: LMLT06 | V75: PF | W75: 784 | X75: 1911 | Y75: 46140.554 | Z75: 46155 | AD75: N/R | AE75: N/R | AF75: N/R | AG75: N/R | AH75: N/R | AI75: N/R | AJ75: N/R | AK75: N/R | AL75: N/R | AM75: N/R | AN75: N/R | AO75: N/R | AP75: N/R | AQ75: N/R
A76: =VLOOKUP(Q76,'Rotas x Madrugada'!A:C,2,0) -> J | B76: =VLOOKUP(Q76,'Rotas x Madrugada'!A:C,3,0) -> Sim | D76: =IF(E76>F76,E76,F76) -> 46157 | E76: =IF(A76="RETIRA",Z76,VLOOKUP(Q76,'Rotas x Madrugada'!A:D,4,0)) -> 46146 | F76: =IF(A76="RETIRA",Z76,Z76+2) -> 46157 | G76: =CONCATENATE(U76,"-",V76) -> LMLT06-PF | H76: =IF(I76<-10,"PROBLEMA",IF(I76<J76,"URGENTE",IF(I76=J76,"PRODUZIR","OK"))) -> URGENTE | I76: =Z76-$B$1 -> -2 | J76: =VLOOKUP(G76,'D. Produção'!A:B,2,) -> 4 | K76: 332602 | L76: 0000-0004 | M76: 4 | N76: 5434110 | P76: ESQUADRIUM ESQ E VIDROS | Q76: 9J | R76: 1.5139 | S76: 22.7086 | T76: 1 | U76: LMLT06 | V76: PF | W76: 784 | X76: 1931 | Y76: 46140.554 | Z76: 46155 | AD76: N/R | AE76: N/R | AF76: N/R | AG76: N/R | AH76: N/R | AI76: N/R | AJ76: N/R | AK76: N/R | AL76: N/R | AM76: N/R | AN76: N/R | AO76: N/R | AP76: N/R | AQ76: N/R
A77: =VLOOKUP(Q77,'Rotas x Madrugada'!A:C,2,0) -> J | B77: =VLOOKUP(Q77,'Rotas x Madrugada'!A:C,3,0) -> Sim | D77: =IF(E77>F77,E77,F77) -> 46157 | E77: =IF(A77="RETIRA",Z77,VLOOKUP(Q77,'Rotas x Madrugada'!A:D,4,0)) -> 46146 | F77: =IF(A77="RETIRA",Z77,Z77+2) -> 46157 | G77: =CONCATENATE(U77,"-",V77) -> LMLT06-PF | H77: =IF(I77<-10,"PROBLEMA",IF(I77<J77,"URGENTE",IF(I77=J77,"PRODUZIR","OK"))) -> URGENTE | I77: =Z77-$B$1 -> -2 | J77: =VLOOKUP(G77,'D. Produção'!A:B,2,) -> 4 | K77: 332602 | L77: 0000-0005 | M77: 5 | N77: 5434111 | P77: ESQUADRIUM ESQ E VIDROS | Q77: 9J | R77: 1.2557 | S77: 18.8352 | T77: 1 | U77: LMLT06 | V77: PF | W77: 640 | X77: 1962 | Y77: 46140.554 | Z77: 46155 | AD77: N/R | AE77: N/R | AF77: N/R | AG77: N/R | AH77: N/R | AI77: N/R | AJ77: N/R | AK77: N/R | AL77: N/R | AM77: N/R | AN77: N/R | AO77: N/R | AP77: N/R | AQ77: N/R
A78: =VLOOKUP(Q78,'Rotas x Madrugada'!A:C,2,0) -> Retira | B78: =VLOOKUP(Q78,'Rotas x Madrugada'!A:C,3,0) -> Não | D78: =IF(E78>F78,E78,F78) -> 46155 | E78: =IF(A78="RETIRA",Z78,VLOOKUP(Q78,'Rotas x Madrugada'!A:D,4,0)) -> 46155 | F78: =IF(A78="RETIRA",Z78,Z78+2) -> 46155 | G78: =CONCATENATE(U78,"-",V78) -> FUM08-TE16 | H78: =IF(I78<-10,"PROBLEMA",IF(I78<J78,"URGENTE",IF(I78=J78,"PRODUZIR","OK"))) -> URGENTE | I78: =Z78-$B$1 -> -2 | J78: =VLOOKUP(G78,'D. Produção'!A:B,2,) -> 2 | K78: 333549 | L78: 0001-0001 | M78: 1 | N78: 5439608 | P78: MARIA GILVANICE VIEIRA DE MATOS SANTOS | R78: 1.7368 | S78: 34.736 | T78: 1 | U78: FUM08 | V78: TE16 | W78: 835 | X78: 2080 | Y78: 46146.359 | Z78: 46155 | AI78: N/R | AJ78: N/R | AK78: N/R | AN78: N/R | AO78: N/R | AP78: N/R | AQ78: N/R
A79: =VLOOKUP(Q79,'Rotas x Madrugada'!A:C,2,0) -> Retira | B79: =VLOOKUP(Q79,'Rotas x Madrugada'!A:C,3,0) -> Não | D79: =IF(E79>F79,E79,F79) -> 46155 | E79: =IF(A79="RETIRA",Z79,VLOOKUP(Q79,'Rotas x Madrugada'!A:D,4,0)) -> 46155 | F79: =IF(A79="RETIRA",Z79,Z79+2) -> 46155 | G79: =CONCATENATE(U79,"-",V79) -> FUM08-TF | H79: =IF(I79<-10,"PROBLEMA",IF(I79<J79,"URGENTE",IF(I79=J79,"PRODUZIR","OK"))) -> URGENTE | I79: =Z79-$B$1 -> -2 | J79: =VLOOKUP(G79,'D. Produção'!A:B,2,) -> 2 | K79: 333549 | L79: 0002-0002 | M79: 2 | N79: 5439609 | P79: MARIA GILVANICE VIEIRA DE MATOS SANTOS | R79: 0.374 | S79: 7.48 | T79: 1 | U79: FUM08 | V79: TF | W79: 400 | X79: 935 | Y79: 46146.359 | Z79: 46155 | AE79: N/R | AF79: N/R | AG79: N/R | AH79: N/R | AI79: N/R | AJ79: N/R | AK79: N/R | AN79: N/R | AO79: N/R | AP79: N/R | AQ79: N/R
A80: =VLOOKUP(Q80,'Rotas x Madrugada'!A:C,2,0) -> Retira | B80: =VLOOKUP(Q80,'Rotas x Madrugada'!A:C,3,0) -> Não | D80: =IF(E80>F80,E80,F80) -> 46155 | E80: =IF(A80="RETIRA",Z80,VLOOKUP(Q80,'Rotas x Madrugada'!A:D,4,0)) -> 46155 | F80: =IF(A80="RETIRA",Z80,Z80+2) -> 46155 | G80: =CONCATENATE(U80,"-",V80) -> FUM08-TF | H80: =IF(I80<-10,"PROBLEMA",IF(I80<J80,"URGENTE",IF(I80=J80,"PRODUZIR","OK"))) -> URGENTE | I80: =Z80-$B$1 -> -2 | J80: =VLOOKUP(G80,'D. Produção'!A:B,2,) -> 2 | K80: 333549 | L80: 0002-0003 | M80: 3 | N80: 5439610 | P80: MARIA GILVANICE VIEIRA DE MATOS SANTOS | R80: 0.374 | S80: 7.48 | T80: 1 | U80: FUM08 | V80: TF | W80: 400 | X80: 935 | Y80: 46146.359 | Z80: 46155 | AE80: N/R | AF80: N/R | AG80: N/R | AH80: N/R | AI80: N/R | AJ80: N/R | AK80: N/R | AN80: N/R | AO80: N/R | AP80: N/R | AQ80: N/R
A81: =VLOOKUP(Q81,'Rotas x Madrugada'!A:C,2,0) -> Retira | B81: =VLOOKUP(Q81,'Rotas x Madrugada'!A:C,3,0) -> Não | D81: =IF(E81>F81,E81,F81) -> 46155 | E81: =IF(A81="RETIRA",Z81,VLOOKUP(Q81,'Rotas x Madrugada'!A:D,4,0)) -> 46155 | F81: =IF(A81="RETIRA",Z81,Z81+2) -> 46155 | G81: =CONCATENATE(U81,"-",V81) -> FUM08-TE12 | H81: =IF(I81<-10,"PROBLEMA",IF(I81<J81,"URGENTE",IF(I81=J81,"PRODUZIR","OK"))) -> URGENTE | I81: =Z81-$B$1 -> -2 | J81: =VLOOKUP(G81,'D. Produção'!A:B,2,) -> 2 | K81: 333549 | L81: 0002-0004 | M81: 4 | N81: 5439611 | P81: MARIA GILVANICE VIEIRA DE MATOS SANTOS | R81: 0.39 | S81: 7.8 | T81: 1 | U81: FUM08 | V81: TE12 | W81: 400 | X81: 975 | Y81: 46146.359 | Z81: 46155 | AI81: N/R | AJ81: N/R | AK81: N/R | AN81: N/R | AO81: N/R | AP81: N/R | AQ81: N/R
A82: =VLOOKUP(Q82,'Rotas x Madrugada'!A:C,2,0) -> Retira | B82: =VLOOKUP(Q82,'Rotas x Madrugada'!A:C,3,0) -> Não | D82: =IF(E82>F82,E82,F82) -> 46155 | E82: =IF(A82="RETIRA",Z82,VLOOKUP(Q82,'Rotas x Madrugada'!A:D,4,0)) -> 46155 | F82: =IF(A82="RETIRA",Z82,Z82+2) -> 46155 | G82: =CONCATENATE(U82,"-",V82) -> FUM08-TE12 | H82: =IF(I82<-10,"PROBLEMA",IF(I82<J82,"URGENTE",IF(I82=J82,"PRODUZIR","OK"))) -> URGENTE | I82: =Z82-$B$1 -> -2 | J82: =VLOOKUP(G82,'D. Produção'!A:B,2,) -> 2 | K82: 333549 | L82: 0002-0005 | M82: 5 | N82: 5439612 | P82: MARIA GILVANICE VIEIRA DE MATOS SANTOS | R82: 0.39 | S82: 7.8 | T82: 1 | U82: FUM08 | V82: TE12 | W82: 400 | X82: 975 | Y82: 46146.359 | Z82: 46155 | AI82: N/R | AJ82: N/R | AK82: N/R | AN82: N/R | AO82: N/R | AP82: N/R | AQ82: N/R
A83: =VLOOKUP(Q83,'Rotas x Madrugada'!A:C,2,0) -> Retira | B83: =VLOOKUP(Q83,'Rotas x Madrugada'!A:C,3,0) -> Não | D83: =IF(E83>F83,E83,F83) -> 46155 | E83: =IF(A83="RETIRA",Z83,VLOOKUP(Q83,'Rotas x Madrugada'!A:D,4,0)) -> 46155 | F83: =IF(A83="RETIRA",Z83,Z83+2) -> 46155 | G83: =CONCATENATE(U83,"-",V83) -> FUM08-TE12 | H83: =IF(I83<-10,"PROBLEMA",IF(I83<J83,"URGENTE",IF(I83=J83,"PRODUZIR","OK"))) -> URGENTE | I83: =Z83-$B$1 -> -2 | J83: =VLOOKUP(G83,'D. Produção'!A:B,2,) -> 2 | K83: 333887 | L83: 0001-0001 | M83: 1 | N83: 5442319 | P83: MARIA GILVANICE VIEIRA DE MATOS SANTOS | R83: 2.3265 | S83: 46.53 | T83: 1 | U83: FUM08 | V83: TE12 | W83: 1100 | X83: 2115 | Y83: 46146.714 | Z83: 46155 | AI83: N/R | AJ83: N/R | AK83: N/R | AN83: N/R | AO83: N/R | AP83: N/R | AQ83: N/R
A84: =VLOOKUP(Q84,'Rotas x Madrugada'!A:C,2,0) -> K | B84: =VLOOKUP(Q84,'Rotas x Madrugada'!A:C,3,0) -> Sim | D84: =IF(E84>F84,E84,F84) -> 46157 | E84: =IF(A84="RETIRA",Z84,VLOOKUP(Q84,'Rotas x Madrugada'!A:D,4,0)) -> 46146 | F84: =IF(A84="RETIRA",Z84,Z84+2) -> 46157 | G84: =CONCATENATE(U84,"-",V84) -> LMINC08-PF | H84: =IF(I84<-10,"PROBLEMA",IF(I84<J84,"URGENTE",IF(I84=J84,"PRODUZIR","OK"))) -> URGENTE | I84: =Z84-$B$1 -> -2 | J84: =VLOOKUP(G84,'D. Produção'!A:B,2,) -> 4 | K84: 333971 | L84: 0000-0001 | M84: 1 | N84: 5442673 | P84: IPIRANGA VID | Q84: 9K | R84: 0.53 | S84: 10.5994 | T84: 1 | U84: LMINC08 | V84: PF | W84: 469 | X84: 1130 | Y84: 46147.409 | Z84: 46155 | AD84: N/R | AE84: N/R | AF84: N/R | AG84: N/R | AH84: N/R | AI84: N/R | AJ84: N/R | AK84: N/R | AL84: N/R | AM84: N/R | AN84: N/R | AO84: N/R | AP84: N/R | AQ84: N/R | AR84: 46155.663
A85: =VLOOKUP(Q85,'Rotas x Madrugada'!A:C,2,0) -> K | B85: =VLOOKUP(Q85,'Rotas x Madrugada'!A:C,3,0) -> Sim | D85: =IF(E85>F85,E85,F85) -> 46157 | E85: =IF(A85="RETIRA",Z85,VLOOKUP(Q85,'Rotas x Madrugada'!A:D,4,0)) -> 46146 | F85: =IF(A85="RETIRA",Z85,Z85+2) -> 46157 | G85: =CONCATENATE(U85,"-",V85) -> LMINC08-PF | H85: =IF(I85<-10,"PROBLEMA",IF(I85<J85,"URGENTE",IF(I85=J85,"PRODUZIR","OK"))) -> URGENTE | I85: =Z85-$B$1 -> -2 | J85: =VLOOKUP(G85,'D. Produção'!A:B,2,) -> 4 | K85: 333971 | L85: 0000-0008 | M85: 8 | N85: 5442680 | P85: IPIRANGA VID | Q85: 9K | R85: 1.0226 | S85: 20.453 | T85: 1 | U85: LMINC08 | V85: PF | W85: 905 | X85: 1130 | Y85: 46147.409 | Z85: 46155 | AD85: N/R | AE85: N/R | AF85: N/R | AG85: N/R | AH85: N/R | AI85: N/R | AJ85: N/R | AK85: N/R | AL85: N/R | AM85: N/R | AN85: N/R | AO85: N/R | AP85: N/R | AQ85: N/R
A86: =VLOOKUP(Q86,'Rotas x Madrugada'!A:C,2,0) -> NH | B86: =VLOOKUP(Q86,'Rotas x Madrugada'!A:C,3,0) -> Não | D86: =IF(E86>F86,E86,F86) -> 46157 | E86: =IF(A86="RETIRA",Z86,VLOOKUP(Q86,'Rotas x Madrugada'!A:D,4,0)) -> 46146 | F86: =IF(A86="RETIRA",Z86,Z86+2) -> 46157 | G86: =CONCATENATE(U86,"-",V86) -> FUM08-TF | H86: =IF(I86<-10,"PROBLEMA",IF(I86<J86,"URGENTE",IF(I86=J86,"PRODUZIR","OK"))) -> URGENTE | I86: =Z86-$B$1 -> -2 | J86: =VLOOKUP(G86,'D. Produção'!A:B,2,) -> 2 | K86: 334156 | L86: 0001-0001 | M86: 1 | N86: 5444417 | P86: VID BEZERRA | Q86: 4H | R86: 0.376 | S86: 7.52 | T86: 1 | U86: FUM08 | V86: TF | W86: 400 | X86: 940 | Y86: 46147.62 | Z86: 46155 | AE86: N/R | AF86: N/R | AG86: N/R | AH86: N/R | AI86: N/R | AJ86: N/R | AK86: N/R | AN86: N/R | AO86: N/R | AP86: N/R | AQ86: N/R
A87: =VLOOKUP(Q87,'Rotas x Madrugada'!A:C,2,0) -> NH | B87: =VLOOKUP(Q87,'Rotas x Madrugada'!A:C,3,0) -> Não | D87: =IF(E87>F87,E87,F87) -> 46157 | E87: =IF(A87="RETIRA",Z87,VLOOKUP(Q87,'Rotas x Madrugada'!A:D,4,0)) -> 46146 | F87: =IF(A87="RETIRA",Z87,Z87+2) -> 46157 | G87: =CONCATENATE(U87,"-",V87) -> FUM08-TF | H87: =IF(I87<-10,"PROBLEMA",IF(I87<J87,"URGENTE",IF(I87=J87,"PRODUZIR","OK"))) -> URGENTE | I87: =Z87-$B$1 -> -2 | J87: =VLOOKUP(G87,'D. Produção'!A:B,2,) -> 2 | K87: 334156 | L87: 0001-0002 | M87: 2 | N87: 5444418 | P87: VID BEZERRA | Q87: 4H | R87: 0.376 | S87: 7.52 | T87: 1 | U87: FUM08 | V87: TF | W87: 400 | X87: 940 | Y87: 46147.62 | Z87: 46155 | AE87: N/R | AF87: N/R | AG87: N/R | AH87: N/R | AI87: N/R | AJ87: N/R | AK87: N/R | AN87: N/R | AO87: N/R | AP87: N/R | AQ87: N/R
A88: =VLOOKUP(Q88,'Rotas x Madrugada'!A:C,2,0) -> NH | B88: =VLOOKUP(Q88,'Rotas x Madrugada'!A:C,3,0) -> Não | D88: =IF(E88>F88,E88,F88) -> 46157 | E88: =IF(A88="RETIRA",Z88,VLOOKUP(Q88,'Rotas x Madrugada'!A:D,4,0)) -> 46146 | F88: =IF(A88="RETIRA",Z88,Z88+2) -> 46157 | G88: =CONCATENATE(U88,"-",V88) -> FUM08-TE12 | H88: =IF(I88<-10,"PROBLEMA",IF(I88<J88,"URGENTE",IF(I88=J88,"PRODUZIR","OK"))) -> URGENTE | I88: =Z88-$B$1 -> -2 | J88: =VLOOKUP(G88,'D. Produção'!A:B,2,) -> 2 | K88: 334156 | L88: 0001-0003 | M88: 3 | N88: 5444419 | P88: VID BEZERRA | Q88: 4H | R88: 0.392 | S88: 7.84 | T88: 1 | U88: FUM08 | V88: TE12 | W88: 400 | X88: 980 | Y88: 46147.62 | Z88: 46155 | AI88: N/R | AJ88: N/R | AK88: N/R | AN88: N/R | AO88: N/R | AP88: N/R | AQ88: N/R
A89: =VLOOKUP(Q89,'Rotas x Madrugada'!A:C,2,0) -> NH | B89: =VLOOKUP(Q89,'Rotas x Madrugada'!A:C,3,0) -> Não | D89: =IF(E89>F89,E89,F89) -> 46157 | E89: =IF(A89="RETIRA",Z89,VLOOKUP(Q89,'Rotas x Madrugada'!A:D,4,0)) -> 46146 | F89: =IF(A89="RETIRA",Z89,Z89+2) -> 46157 | G89: =CONCATENATE(U89,"-",V89) -> FUM08-TE12 | H89: =IF(I89<-10,"PROBLEMA",IF(I89<J89,"URGENTE",IF(I89=J89,"PRODUZIR","OK"))) -> URGENTE | I89: =Z89-$B$1 -> -2 | J89: =VLOOKUP(G89,'D. Produção'!A:B,2,) -> 2 | K89: 334156 | L89: 0001-0004 | M89: 4 | N89: 5444420 | P89: VID BEZERRA | Q89: 4H | R89: 0.392 | S89: 7.84 | T89: 1 | U89: FUM08 | V89: TE12 | W89: 400 | X89: 980 | Y89: 46147.62 | Z89: 46155 | AI89: N/R | AJ89: N/R | AK89: N/R | AN89: N/R | AO89: N/R | AP89: N/R | AQ89: N/R
A90: =VLOOKUP(Q90,'Rotas x Madrugada'!A:C,2,0) -> Retira | B90: =VLOOKUP(Q90,'Rotas x Madrugada'!A:C,3,0) -> Não | D90: =IF(E90>F90,E90,F90) -> 46155 | E90: =IF(A90="RETIRA",Z90,VLOOKUP(Q90,'Rotas x Madrugada'!A:D,4,0)) -> 46155 | F90: =IF(A90="RETIRA",Z90,Z90+2) -> 46155 | G90: =CONCATENATE(U90,"-",V90) -> FUM08-TE12 | H90: =IF(I90<-10,"PROBLEMA",IF(I90<J90,"URGENTE",IF(I90=J90,"PRODUZIR","OK"))) -> URGENTE | I90: =Z90-$B$1 -> -2 | J90: =VLOOKUP(G90,'D. Produção'!A:B,2,) -> 2 | K90: 334395 | L90: 0001-0001 | M90: 1 | N90: 5446255 | P90: GIOVANI AGUIAR GODOY | R90: 0.1785 | S90: 3.57 | T90: 1 | U90: FUM08 | V90: TE12 | W90: 420 | X90: 425 | Y90: 46148.401 | Z90: 46155 | AI90: N/R | AJ90: N/R | AK90: N/R | AN90: N/R | AO90: N/R | AP90: N/R | AQ90: N/R
A91: =VLOOKUP(Q91,'Rotas x Madrugada'!A:C,2,0) -> Q | B91: =VLOOKUP(Q91,'Rotas x Madrugada'!A:C,3,0) -> Não | D91: =IF(E91>F91,E91,F91) -> 46157 | E91: =IF(A91="RETIRA",Z91,VLOOKUP(Q91,'Rotas x Madrugada'!A:D,4,0)) -> 46150 | F91: =IF(A91="RETIRA",Z91,Z91+2) -> 46157 | G91: =CONCATENATE(U91,"-",V91) -> FUM06-TF | H91: =IF(I91<-10,"PROBLEMA",IF(I91<J91,"URGENTE",IF(I91=J91,"PRODUZIR","OK"))) -> URGENTE | I91: =Z91-$B$1 -> -2 | J91: =VLOOKUP(G91,'D. Produção'!A:B,2,) -> 2 | K91: 334442 | L91: 0000-0003 | M91: 3 | N91: 5446782 | P91: MK SERVICOS | Q91: 1Q | R91: 1.6874 | S91: 25.3114 | T91: 1 | U91: FUM06 | V91: TF | W91: 755 | X91: 2235 | Y91: 46148.436 | Z91: 46155 | AE91: N/R | AF91: N/R | AG91: N/R | AH91: N/R | AI91: N/R | AJ91: N/R | AK91: N/R | AN91: N/R | AO91: N/R | AP91: N/R | AQ91: N/R | AR91: 46155.47
A92: =VLOOKUP(Q92,'Rotas x Madrugada'!A:C,2,0) -> Q | B92: =VLOOKUP(Q92,'Rotas x Madrugada'!A:C,3,0) -> Não | D92: =IF(E92>F92,E92,F92) -> 46157 | E92: =IF(A92="RETIRA",Z92,VLOOKUP(Q92,'Rotas x Madrugada'!A:D,4,0)) -> 46150 | F92: =IF(A92="RETIRA",Z92,Z92+2) -> 46157 | G92: =CONCATENATE(U92,"-",V92) -> FUM06-TF | H92: =IF(I92<-10,"PROBLEMA",IF(I92<J92,"URGENTE",IF(I92=J92,"PRODUZIR","OK"))) -> URGENTE | I92: =Z92-$B$1 -> -2 | J92: =VLOOKUP(G92,'D. Produção'!A:B,2,) -> 2 | K92: 334442 | L92: 0000-0004 | M92: 4 | N92: 5446783 | P92: MK SERVICOS | Q92: 1Q | R92: 2.1858 | S92: 32.7874 | T92: 1 | U92: FUM06 | V92: TF | W92: 978 | X92: 2235 | Y92: 46148.436 | Z92: 46155 | AE92: N/R | AF92: N/R | AG92: N/R | AH92: N/R | AI92: N/R | AJ92: N/R | AK92: N/R | AN92: N/R | AO92: N/R | AP92: N/R | AQ92: N/R
A93: =VLOOKUP(Q93,'Rotas x Madrugada'!A:C,2,0) -> Q | B93: =VLOOKUP(Q93,'Rotas x Madrugada'!A:C,3,0) -> Não | D93: =IF(E93>F93,E93,F93) -> 46157 | E93: =IF(A93="RETIRA",Z93,VLOOKUP(Q93,'Rotas x Madrugada'!A:D,4,0)) -> 46150 | F93: =IF(A93="RETIRA",Z93,Z93+2) -> 46157 | G93: =CONCATENATE(U93,"-",V93) -> FUM06-TF | H93: =IF(I93<-10,"PROBLEMA",IF(I93<J93,"URGENTE",IF(I93=J93,"PRODUZIR","OK"))) -> URGENTE | I93: =Z93-$B$1 -> -2 | J93: =VLOOKUP(G93,'D. Produção'!A:B,2,) -> 2 | K93: 334442 | L93: 0000-0008 | M93: 8 | N93: 5446787 | P93: MK SERVICOS | Q93: 1Q | R93: 2.0942 | S93: 31.4129 | T93: 1 | U93: FUM06 | V93: TF | W93: 937 | X93: 2235 | Y93: 46148.436 | Z93: 46155 | AE93: N/R | AF93: N/R | AG93: N/R | AH93: N/R | AI93: N/R | AJ93: N/R | AK93: N/R | AN93: N/R | AO93: N/R | AP93: N/R | AQ93: N/R
A94: =VLOOKUP(Q94,'Rotas x Madrugada'!A:C,2,0) -> Q | B94: =VLOOKUP(Q94,'Rotas x Madrugada'!A:C,3,0) -> Não | D94: =IF(E94>F94,E94,F94) -> 46157 | E94: =IF(A94="RETIRA",Z94,VLOOKUP(Q94,'Rotas x Madrugada'!A:D,4,0)) -> 46150 | F94: =IF(A94="RETIRA",Z94,Z94+2) -> 46157 | G94: =CONCATENATE(U94,"-",V94) -> FUM06-TF | H94: =IF(I94<-10,"PROBLEMA",IF(I94<J94,"URGENTE",IF(I94=J94,"PRODUZIR","OK"))) -> URGENTE | I94: =Z94-$B$1 -> -2 | J94: =VLOOKUP(G94,'D. Produção'!A:B,2,) -> 2 | K94: 334442 | L94: 0000-0009 | M94: 9 | N94: 5446788 | P94: MK SERVICOS | Q94: 1Q | R94: 2.0942 | S94: 31.4129 | T94: 1 | U94: FUM06 | V94: TF | W94: 937 | X94: 2235 | Y94: 46148.436 | Z94: 46155 | AE94: N/R | AF94: N/R | AG94: N/R | AH94: N/R | AI94: N/R | AJ94: N/R | AK94: N/R | AN94: N/R | AO94: N/R | AP94: N/R | AQ94: N/R
A95: =VLOOKUP(Q95,'Rotas x Madrugada'!A:C,2,0) -> Q | B95: =VLOOKUP(Q95,'Rotas x Madrugada'!A:C,3,0) -> Não | D95: =IF(E95>F95,E95,F95) -> 46157 | E95: =IF(A95="RETIRA",Z95,VLOOKUP(Q95,'Rotas x Madrugada'!A:D,4,0)) -> 46150 | F95: =IF(A95="RETIRA",Z95,Z95+2) -> 46157 | G95: =CONCATENATE(U95,"-",V95) -> FUM06-TF | H95: =IF(I95<-10,"PROBLEMA",IF(I95<J95,"URGENTE",IF(I95=J95,"PRODUZIR","OK"))) -> URGENTE | I95: =Z95-$B$1 -> -2 | J95: =VLOOKUP(G95,'D. Produção'!A:B,2,) -> 2 | K95: 334442 | L95: 0000-0011 | M95: 11 | N95: 5446790 | P95: MK SERVICOS | Q95: 1Q | R95: 2.0942 | S95: 31.4129 | T95: 1 | U95: FUM06 | V95: TF | W95: 937 | X95: 2235 | Y95: 46148.436 | Z95: 46155 | AE95: N/R | AF95: N/R | AG95: N/R | AH95: N/R | AI95: N/R | AJ95: N/R | AK95: N/R | AN95: N/R | AO95: N/R | AP95: N/R | AQ95: N/R | AR95: 46155.537
A96: =VLOOKUP(Q96,'Rotas x Madrugada'!A:C,2,0) -> NH | B96: =VLOOKUP(Q96,'Rotas x Madrugada'!A:C,3,0) -> Não | D96: =IF(E96>F96,E96,F96) -> 46157 | E96: =IF(A96="RETIRA",Z96,VLOOKUP(Q96,'Rotas x Madrugada'!A:D,4,0)) -> 46146 | F96: =IF(A96="RETIRA",Z96,Z96+2) -> 46157 | G96: =CONCATENATE(U96,"-",V96) -> FUM08-TF | H96: =IF(I96<-10,"PROBLEMA",IF(I96<J96,"URGENTE",IF(I96=J96,"PRODUZIR","OK"))) -> URGENTE | I96: =Z96-$B$1 -> -2 | J96: =VLOOKUP(G96,'D. Produção'!A:B,2,) -> 2 | K96: 334577 | L96: 0001-0002 | M96: 2 | N96: 5447789 | P96: JOSE RAMON BARROS FERNANDES | Q96: 4H | R96: 1.6605 | S96: 33.21 | T96: 1 | U96: FUM08 | V96: TF | W96: 900 | X96: 1845 | Y96: 46148.678 | Z96: 46155 | AE96: N/R | AF96: N/R | AG96: N/R | AH96: N/R | AI96: N/R | AJ96: N/R | AK96: N/R | AN96: N/R | AO96: N/R | AP96: N/R | AQ96: N/R
A97: =VLOOKUP(Q97,'Rotas x Madrugada'!A:C,2,0) -> Retira | B97: =VLOOKUP(Q97,'Rotas x Madrugada'!A:C,3,0) -> Não | D97: =IF(E97>F97,E97,F97) -> 46155 | E97: =IF(A97="RETIRA",Z97,VLOOKUP(Q97,'Rotas x Madrugada'!A:D,4,0)) -> 46155 | F97: =IF(A97="RETIRA",Z97,Z97+2) -> 46155 | G97: =CONCATENATE(U97,"-",V97) -> FUM08-TE12 | H97: =IF(I97<-10,"PROBLEMA",IF(I97<J97,"URGENTE",IF(I97=J97,"PRODUZIR","OK"))) -> URGENTE | I97: =Z97-$B$1 -> -2 | J97: =VLOOKUP(G97,'D. Produção'!A:B,2,) -> 2 | K97: 334582 | L97: 0001-0001 | M97: 1 | N97: 5447805 | P97: JOSE FERNANDO LOPES | R97: 0.414 | S97: 8.2804 | T97: 1 | U97: FUM08 | V97: TE12 | W97: 738 | X97: 561 | Y97: 46148.674 | Z97: 46155 | AI97: N/R | AJ97: N/R | AK97: N/R | AN97: N/R | AO97: N/R | AP97: N/R | AQ97: N/R
A98: =VLOOKUP(Q98,'Rotas x Madrugada'!A:C,2,0) -> J | B98: =VLOOKUP(Q98,'Rotas x Madrugada'!A:C,3,0) -> Sim | D98: =IF(E98>F98,E98,F98) -> 46157 | E98: =IF(A98="RETIRA",Z98,VLOOKUP(Q98,'Rotas x Madrugada'!A:D,4,0)) -> 46146 | F98: =IF(A98="RETIRA",Z98,Z98+2) -> 46157 | G98: =CONCATENATE(U98,"-",V98) -> LMLT06-PF | H98: =IF(I98<-10,"PROBLEMA",IF(I98<J98,"URGENTE",IF(I98=J98,"PRODUZIR","OK"))) -> URGENTE | I98: =Z98-$B$1 -> -2 | J98: =VLOOKUP(G98,'D. Produção'!A:B,2,) -> 4 | K98: 334954 | L98: 0000-0001 | M98: 1 | N98: 5450239 | P98: ESQUADRIUM ESQ E VIDROS | Q98: 9J | R98: 0.3384 | S98: 5.076 | T98: 1 | U98: LMLT06 | V98: PF | W98: 720 | X98: 470 | Y98: 46150.349 | Z98: 46155 | AD98: N/R | AE98: N/R | AF98: N/R | AG98: N/R | AH98: N/R | AI98: N/R | AJ98: N/R | AK98: N/R | AL98: N/R | AM98: N/R | AN98: N/R | AO98: N/R | AP98: N/R | AQ98: N/R
A99: =VLOOKUP(Q99,'Rotas x Madrugada'!A:C,2,0) -> J | B99: =VLOOKUP(Q99,'Rotas x Madrugada'!A:C,3,0) -> Sim | D99: =IF(E99>F99,E99,F99) -> 46157 | E99: =IF(A99="RETIRA",Z99,VLOOKUP(Q99,'Rotas x Madrugada'!A:D,4,0)) -> 46146 | F99: =IF(A99="RETIRA",Z99,Z99+2) -> 46157 | G99: =CONCATENATE(U99,"-",V99) -> LMLT06-PF | H99: =IF(I99<-10,"PROBLEMA",IF(I99<J99,"URGENTE",IF(I99=J99,"PRODUZIR","OK"))) -> URGENTE | I99: =Z99-$B$1 -> -2 | J99: =VLOOKUP(G99,'D. Produção'!A:B,2,) -> 4 | K99: 334954 | L99: 0000-0002 | M99: 2 | N99: 5450240 | P99: ESQUADRIUM ESQ E VIDROS | Q99: 9J | R99: 0.3384 | S99: 5.076 | T99: 1 | U99: LMLT06 | V99: PF | W99: 720 | X99: 470 | Y99: 46150.349 | Z99: 46155 | AD99: N/R | AE99: N/R | AF99: N/R | AG99: N/R | AH99: N/R | AI99: N/R | AJ99: N/R | AK99: N/R | AL99: N/R | AM99: N/R | AN99: N/R | AO99: N/R | AP99: N/R | AQ99: N/R
A100: =VLOOKUP(Q100,'Rotas x Madrugada'!A:C,2,0) -> J | B100: =VLOOKUP(Q100,'Rotas x Madrugada'!A:C,3,0) -> Sim | D100: =IF(E100>F100,E100,F100) -> 46157 | E100: =IF(A100="RETIRA",Z100,VLOOKUP(Q100,'Rotas x Madrugada'!A:D,4,0)) -> 46146 | F100: =IF(A100="RETIRA",Z100,Z100+2) -> 46157 | G100: =CONCATENATE(U100,"-",V100) -> LMLT06-PF | H100: =IF(I100<-10,"PROBLEMA",IF(I100<J100,"URGENTE",IF(I100=J100,"PRODUZIR","OK"))) -> URGENTE | I100: =Z100-$B$1 -> -2 | J100: =VLOOKUP(G100,'D. Produção'!A:B,2,) -> 4 | K100: 334955 | L100: 0000-0001 | M100: 1 | N100: 5450241 | P100: ESQUADRIUM ESQ E VIDROS | Q100: 9J | R100: 0.3384 | S100: 5.076 | T100: 1 | U100: LMLT06 | V100: PF | W100: 720 | X100: 470 | Y100: 46150.349 | Z100: 46155 | AD100: N/R | AE100: N/R | AF100: N/R | AG100: N/R | AH100: N/R | AI100: N/R | AJ100: N/R | AK100: N/R | AL100: N/R | AM100: N/R | AN100: N/R | AO100: N/R | AP100: N/R | AQ100: N/R
A101: =VLOOKUP(Q101,'Rotas x Madrugada'!A:C,2,0) -> J | B101: =VLOOKUP(Q101,'Rotas x Madrugada'!A:C,3,0) -> Sim | D101: =IF(E101>F101,E101,F101) -> 46157 | E101: =IF(A101="RETIRA",Z101,VLOOKUP(Q101,'Rotas x Madrugada'!A:D,4,0)) -> 46146 | F101: =IF(A101="RETIRA",Z101,Z101+2) -> 46157 | G101: =CONCATENATE(U101,"-",V101) -> LMLT06-PF | H101: =IF(I101<-10,"PROBLEMA",IF(I101<J101,"URGENTE",IF(I101=J101,"PRODUZIR","OK"))) -> URGENTE | I101: =Z101-$B$1 -> -2 | J101: =VLOOKUP(G101,'D. Produção'!A:B,2,) -> 4 | K101: 334955 | L101: 0000-0002 | M101: 2 | N101: 5450242 | P101: ESQUADRIUM ESQ E VIDROS | Q101: 9J | R101: 0.3384 | S101: 5.076 | T101: 1 | U101: LMLT06 | V101: PF | W101: 720 | X101: 470 | Y101: 46150.349 | Z101: 46155 | AD101: N/R | AE101: N/R | AF101: N/R | AG101: N/R | AH101: N/R | AI101: N/R | AJ101: N/R | AK101: N/R | AL101: N/R | AM101: N/R | AN101: N/R | AO101: N/R | AP101: N/R | AQ101: N/R
...

Sheet D. Produção
A1: Concatenar | B1: Dias de produção
A2: ARM06-CC | B2: 1
A3: BRZ06-TF | B3: 1
A4: ESI04-EF | B4: 1
A5: ESI04-EFA | B5: 1
A6: ESI04-EFB | B6: 1
A7: ESI04-EFQ | B7: 1
A8: ESI06-EE | B8: 1
A9: ESI06-EF | B9: 1
A10: ESIBRZ04-EF | B10: 1
A11: FUM04-CCNH | B11: 1
A12: FUM06-TEK. | B12: 2
A13: FUM06-TF | B13: 2
... A70: VRD08-TE12 | B70: 2

Sheet ATRASO B.O
A1: Atraso | B1: (Tudo)
A2: Rota Nova | B2: (Tudo)
A4: Soma de M2 Vendido | B4: Rótulos de Coluna
A5: Rótulos de Linha | B5: -8 | C5: -6 | D5: -4 | E5: -3 | F5: -2 | G5: -1 | H5: 0 | I5: 1 | J5: 2 | K5: 3 | L5: 4 | M5: 5 | N5: 6 | O5: 7 | P5: 9 | Q5: 10 | R5: 11 | S5: 15 | T5: -11 | U5: -43 | V5: -15 | W5: -46157 | X5: Total Geral
A6: ACD06 | N6: 1.4635 | Q6: 6.4969 | X6: 7.9604
A7: AMB04 | H7: 0.9613 | X7: 0.9613
A8: ESI04 | C8: 1.377 | D8: 22.6297 | E8: 8.9239 | F8: 4.5387 | I8: 8.1443 | J8: 20.0834 | K8: 2.64 | L8: 8.9754 | M8: 8.1229 | N8: 4.39 | P8: 4.6177 | R8: 1.45 | S8: 0.64 | X8: 96.533
A9: FUM04 | O9: 0.2896 | X9: 0.2896
A10: FUM06 | F10: 10.1558 | H10: 13.342 | X10: 23.4978
A11: FUM08 | E11: 1.058 | F11: 9.3803 | G11: 7.6678 | H11: 57.6571 | K11: 3.9461 | L11: 49.4751 | M11: 10.1129 | N11: 21.0628 | X11: 160.3601
A12: INC03 | H12: 0.3515 | V12: 18 | X12: 18.3515
A13: INC04 | B13: 13.7293 | N13: 135.2868 | X13: 149.0161
A14: INC12 | L14: 10.6543 | X14: 10.6543
A15: LMINC06 | K15: 3.5196 | L15: 5.1336 | X15: 8.6532
A16: LMINC08 | B16: 3.2327 | D16: 7.1239 | F16: 5.7058 | G16: 6.321 | H16: 4.228 | M16: 4.8326 | N16: 3.7875 | Q16: 86.0589 | R16: 16.6759 | V16: 3.178 | X16: 141.1443
A17: LMLT06 | E17: 10.386 | F17: 8.6609 | H17: 9.2203 | K17: 50.3961 | L17: 3.5356 | M17: 5.5583 | R17: 6.8332 | T17: 0.8572 | X17: 95.4476
A18: LMLT06VMT | K18: 1.0885 | X18: 1.0885
A19: LMLT08 | H19: 2.2176 | K19: 7.1886 | L19: 4.2238 | N19: 5.4601 | X19: 19.0901
A20: LMN1408 | N20: 7.1344 | X20: 7.1344
A21: LMN1408DEA | U21: 1.2756 | X21: 1.2756
A22: LMSV3208 | K22: 0.9588 | X22: 0.9588
A23: MBI03 | D23: 0.3099 | F23: 0.3094 | G23: 0.2642 | K23: 14.642 | L23: 2.8718 | M23: 21.2603 | O23: 0.7947 | R23: 3.2608 | X23: 43.7131
A24: MBI08 | K24: 0.711 | X24: 0.711
A25: VRD08 | L25: 2.0632 | O25: 0.4181 | X25: 2.4813
A26: (vazio) | W26: 4031.3598 | X26: 4031.3598
A27: Total Geral | B27: 16.962 | C27: 1.377 | D27: 30.0635 | E27: 20.3679 | F27: 38.7509 | G27: 14.253 | H27: 87.9778 | I27: 8.1443 | J27: 20.0834 | K27: 85.0907 | L27: 86.9328 | M27: 49.887 | N27: 178.5851 | O27: 1.5024 | P27: 4.6177 | Q27: 92.5558 | R27: 28.2199 | S27: 0.64 | T27: 0.8572 | U27: 1.2756 | V27: 21.178 | W27: 4031.3598 | X27: 4820.6818

Sheet Rotas x Madrugada
A1: Rota | B1: Rota Nova | C1: Madrugada? | D1: PRÓXIMA ENTREGA
A2: 7A | B2: A | C2: Sim | D2: 46148
A3: 3B | B3: B | C3: Dep. | D3: 46146
A4: 7C | B4: C | C4: Sim | D4: 46148
A5: 6D | B5: D | C5: Dep. | D5: 46147
A6: 2E | B6: E | C6: Não | D6: 46147
A7: 8F | B7: F | C7: Dep. | D7: 46148
A8: 8G | B8: G | C8: Sim | D8: 46150
A9: 2H | B9: H | C9: Sim | D9: 46149
A10: 5i | B10: I | C10: Não | D10: 46147
A11: 9J | B11: J | C11: Sim | D11: 46146
A12: 9K | B12: K | C12: Sim | D12: 46146
A13: 5L | B13: L | C13: Não | D13: 46149
... A21: 1R | B21: R | C21: Não | D21: 46150
B22: Retira | C22: Não
A23: 3X | B23: X | C23: Sim | D23: 46149
A26: 3W | B26: W | C26: Sim | D26: 46147

Sheet LAMINADO
B2: Rota Nova | C2: (Vários itens)
B4: M2 | C4: Limite de Produção
C5: 30/abr | D5: 12/mai | E5: 15/mai | F5: 19/mai | G5: 22/mai | H5: 26/mai | I5: Total Geral
B6: Rotas
B7: LMINC06 | F7: 5.1336 | I7: 5.1336
B8: LMINC08 | C8: 3.178 | E8: 4.228 | H8: 16.6759 | I8: 24.0819
B9: LMLT06 | D9: 10.386 | E9: 9.2203 | F9: 3.5356 | H9: 6.8332 | I9: 29.9751
B10: LMLT08 | E10: 2.2176 | F10: 4.2238 | I10: 6.4414
B11: LMREF08 | G11: 3.6568 | I11: 3.6568
B12: Total Geral | C12: 3.178 | D12: 10.386 | E12: 15.6659 | F12: 12.893 | G12: 3.6568 | H12: 23.5091 | I12: 69.2888
